country,total_area_sq_km,land_area_sq_km,water_area_sq_km,land_boundaries_km,coastline_km,elevation_mean_m,agricultural_land_percent,forest_land_percent,total_dependency_ratio,youth_dependency_ratio,elderly_dependency_ratio,median_age,population_growth_rate,birth_rate,death_rate,net_migration_rate,urban_population,rate_urbanization,sex_ratio,maternal_mortality_ratio,infant_mortality_rate,life_expectancy,fertility_rate,contraceptive_prevalence,health_expenditure,physician_density,education_expenditure,particulate_emisions,methane_emissions,urban_population_percent,urbanization_rate,real_gdp,real_gdp_growth_rate,real_gdp_per_capita,gdp,unemployment_rate,population_below_poverty_line
RS,17098242,16376870,722683,22400,37653,414,.11,.494,63.2,26.57,45.2,39.6,-0.2,1.50,14.5,0.748,74.75,86.8,11.2,5.18,73.08,1.50,-1.0,6,50.4,4,-1.0,-1.0,74.75,.74,1400000000,-3.0,10126.72,1483000000,5.73
TI,144100.0,141510.0,2590.0,4130.0,0.0,3186.0,34.7,2.9,67.9,62.6,5.3,25.3,1.4,20.73,5.72,-1.03,28.0,2.73,0.99,17.0,32.33,69.36,2.45,29.3,7.1,2.1,5.7,40.05,4.87,28.0,2.73,34880000000.0,-1.0,3700.0,2522000000.0,-1.0,26.3
Serbia,17098242.0,16377742.0,720500.0,22407.0,37653.0,600.0,13.1,49.4,51.2,27.8,23.5,40.3,-0.22,9.45,13.36,1.7,75.1,0.11,0.86,17.0,6.42,72.44,1.6,68.0,5.7,3.75,4.7,13.75,851.52,75.1,0.11,3875690000000.0,1.34,26500.0,1702361000000.0,4.6,12.6
Kazakhstan,2724900.0,2699700.0,25200.0,13364.0,0.0,387.0,77.4,1.2,58.8,46.3,12.6,31.6,0.77,15.38,8.11,0.39,58.0,1.19,0.9,10.0,19.18,72.53,2.11,53.0,2.8,3.98,2.9,11.32,45.03,58.0,1.19,475180000000.0,6.13,25300.0,181194000000.0,4.8,4.3
Uzbekistan,447400.0,425400.0,22000.0,6893.0,0.0,-1.0,62.6,7.7,50.6,43.4,7.2,30.1,0.83,15.53,5.41,-1.78,50.5,1.25,0.99,29.0,18.98,75.29,1.73,-1.0,5.6,2.37,5.1,25.29,96.16,50.5,1.25,239420000000.0,-1.0,7000.0,57789000000.0,-1.0,14.1
TX,488100.0,469930.0,18170.0,4158.0,0.0,230.0,72.0,8.8,55.2,47.8,7.4,29.2,0.99,17.51,5.95,-1.71,53.5,2.23,0.98,7.0,37.62,71.83,2.03,49.7,6.6,2.23,3.1,19.02,52.09,53.5,2.23,-1.0,-1.0,-1.0,40819000000.0,-1.0,0.2
Kyrgyzstan,199951.0,191801.0,8150.0,4573.0,0.0,2988.0,55.4,5.1,59.7,52.1,7.5,27.3,0.86,19.54,6.12,-4.87,37.5,2.05,0.96,60.0,25.66,72.35,2.5,39.4,4.5,2.21,5.4,18.12,4.47,37.5,2.05,31020000000.0,-1.0,4700.0,8442000000.0,3.18,20.1
Croatia,56594.0,55974.0,620.0,2237.0,5835.0,331.0,23.7,34.4,55.7,22.6,33.1,43.9,-0.47,8.65,12.88,-0.5,58.2,0.05,1.01,8.0,8.74,77.22,1.45,-1.0,7.0,3.0,3.9,17.03,3.98,58.2,0.05,107110000000.0,2.94,26500.0,60687000000.0,8.07,18.3
EN,45228.0,42388.0,2840.0,657.0,3794.0,61.0,22.2,52.1,58.4,26.1,32.3,43.7,-0.71,8.75,13.1,-2.79,69.6,-0.03,0.89,9.0,3.42,77.88,1.61,-1.0,6.7,4.48,5.2,6.74,0.99,69.6,-0.03,47440000000.0,5.0,35600.0,31461000000.0,4.94,21.7
Romania,238391.0,229891.0,8500.0,2844.0,225.0,414.0,60.7,28.7,53.3,23.8,29.5,42.5,-1.09,8.76,15.26,-4.36,54.5,-0.15,0.94,19.0,5.84,75.75,1.63,-1.0,5.7,2.98,3.3,14.29,27.62,54.5,-0.15,556070000000.0,4.2,28800.0,249543000000.0,3.06,23.8
Australia,83871.0,82445.0,1426.0,2524.0,0.0,910.0,38.4,47.2,50.6,21.7,28.9,44.5,0.32,9.45,9.85,3.55,59.3,0.68,0.96,5.0,3.24,82.27,1.51,79.0,10.4,5.17,5.2,12.43,6.34,59.3,0.68,463120000000.0,1.42,51900.0,445025000000.0,7.35,13.3
EI,70273.0,68883.0,1390.0,490.0,1448.0,118.0,66.1,10.9,54.8,32.3,22.6,37.8,0.94,12.32,6.73,3.79,64.2,1.15,1.0,5.0,3.47,81.66,1.92,-1.0,6.7,3.31,3.4,8.26,13.67,64.2,1.15,447970000000.0,5.86,89700.0,398476000000.0,4.98,13.1
Greece,131957.0,130647.0,1310.0,1110.0,13676.0,498.0,63.4,30.5,56.1,21.3,34.8,45.3,-0.34,7.61,12.04,1.0,80.4,0.11,0.95,3.0,3.55,81.49,1.4,-1.0,7.8,5.48,3.6,15.69,9.8,80.4,0.11,292400000000.0,1.87,27300.0,209790000000.0,17.3,17.9
Lesotho,160.0,160.0,0.0,75.0,0.0,-1.0,37.6,43.1,-1.0,-1.0,-1.0,43.7,0.72,10.32,7.98,4.81,14.5,1.15,0.99,-1.0,4.05,82.56,1.69,-1.0,-1.0,-1.0,2.6,-1.0,0.02,14.5,1.15,-1.0,-1.0,-1.0,6672000000.0,-1.0,-1.0
SP,505370.0,498980.0,6390.0,1952.7,4964.0,660.0,54.1,36.8,52.4,21.9,30.4,43.9,0.13,7.13,10.22,4.35,81.3,0.24,0.95,4.0,2.47,82.55,1.27,62.1,9.1,3.87,4.2,9.48,36.94,81.3,0.24,1714860000000.0,1.95,36200.0,1393351000000.0,14.13,20.7
RI,77474.0,77474.0,0.0,2322.0,0.0,442.0,57.9,31.6,52.5,23.4,29.1,43.4,-0.75,8.92,16.39,0.0,56.9,0.04,0.95,12.0,4.81,74.17,1.46,62.3,8.7,3.11,3.6,24.27,11.96,56.9,0.04,125800000000.0,4.18,18200.0,51449000000.0,-1.0,23.2
Netherlands Antilles,468.0,468.0,0.0,118.0,0.0,1996.0,40.0,34.0,-1.0,-1.0,-1.0,46.2,-0.1,6.88,7.92,0.0,87.8,0.11,1.05,-1.0,3.44,83.42,1.45,-1.0,6.7,3.33,3.2,9.95,0.05,87.8,0.11,-1.0,-1.0,-1.0,2712000000.0,-1.0,-1.0
Macedonia,25713.0,25433.0,280.0,838.0,0.0,741.0,44.3,39.8,44.5,23.6,20.9,39.0,0.12,10.45,9.61,0.38,59.1,0.61,0.99,7.0,7.32,76.84,1.51,59.9,7.3,2.87,-1.0,28.34,2.28,59.1,0.61,33020000000.000004,-1.0,15800.0,12696000000.0,17.29,21.6
UP,603550.0,579330.0,24220.0,5581.0,2782.0,175.0,71.2,16.8,49.1,23.8,25.3,41.2,-0.5,9.0,13.77,-0.26,69.9,-0.27,0.86,19.0,7.33,73.45,1.56,65.4,7.1,2.99,5.4,18.29,63.37,69.9,-0.27,516679999999.99994,3.24,12400.0,155082000000.0,8.89,1.1
DX,131.0,-1.0,-1.0,108.0,27.5,-1.0,-1.0,-1.0,-1.0,-1.0,-1.0,-1.0,-1.0,-1.0,-1.0,-1.0,-1.0,-1.0,-1.0,-1.0,-1.0,-1.0,-1.0,-1.0,-1.0,-1.0,-1.0,-1.0,-1.0,-1.0,-1.0,-1.0,-1.0,-1.0,-1.0,-1.0,-1.0
San Marino,61.0,61.0,0.0,37.0,0.0,-1.0,16.7,0.0,-1.0,-1.0,-1.0,45.2,0.61,8.85,8.82,6.11,97.7,0.41,0.93,-1.0,6.51,83.86,1.53,-1.0,6.4,6.11,3.4,13.45,0.02,97.7,0.41,-1.0,-1.0,-1.0,1643000000.0,-1.0,-1.0
Italy,301340.0,294140.0,7200.0,1836.4,7600.0,538.0,47.1,31.4,57.0,20.4,36.6,46.5,-0.13,6.95,11.31,3.02,71.7,0.27,0.93,2.0,3.16,82.59,1.22,65.1,8.7,3.98,4.3,15.28,41.3,71.7,0.27,2322140000000.0,0.34,39000.0,2002763000000.0,9.88,20.1
El Salvador,62045.0,62045.0,0.0,0.0,3587.0,-1.0,0.0,-1.0,-1.0,-1.0,-1.0,-1.0,-0.03,-1.0,-1.0,-5.57,-1.0,-1.0,-1.0,-1.0,-1.0,-1.0,-1.0,-1.0,-1.0,-1.0,-1.0,-1.0,-1.0,-1.0,-1.0,-1.0,-1.0,-1.0,-1.0,-1.0,-1.0
Isle Of Man,572.0,572.0,0.0,0.0,160.0,-1.0,74.7,6.1,-1.0,-1.0,-1.0,44.6,0.52,10.58,10.18,4.76,53.3,0.97,1.01,-1.0,4.24,82.04,1.89,-1.0,-1.0,-1.0,-1.0,-1.0,-1.0,53.3,0.97,-1.0,-1.0,-1.0,6792000000.0,-1.0,-1.0
BK,51197.0,51187.0,10.0,1543.0,20.0,500.0,42.2,42.8,48.0,21.5,26.5,43.3,-0.22,8.41,10.26,-0.38,49.8,0.61,0.95,10.0,5.21,77.98,1.36,45.8,9.1,2.16,-1.0,27.25,2.92,49.8,0.61,47050000000.0,-1.0,14300.0,20078000000.0,33.28,16.9
Gibraltar,7.0,6.5,0.0,1.2,12.0,-1.0,0.0,-1.0,-1.0,-1.0,-1.0,35.5,0.19,13.93,8.76,-3.25,100.0,0.45,1.02,-1.0,6.25,80.42,1.9,-1.0,-1.0,-1.0,-1.0,-1.0,-1.0,100.0,0.45,-1.0,-1.0,-1.0,2044000000.0,-1.0,-1.0
IC,103000.0,100250.0,2750.0,0.0,4970.0,557.0,18.7,0.3,54.0,29.9,24.1,37.1,0.93,12.96,6.56,2.89,94.0,0.74,1.0,4.0,1.65,83.64,1.95,-1.0,8.6,4.08,7.6,5.94,0.59,94.0,0.74,19160000000.0,1.94,52300.0,24614000000.0,3.62,8.8
Cyprus,9251.0,9241.0,10.0,156.0,648.0,91.0,13.4,18.8,44.9,24.0,20.9,37.9,1.06,10.57,6.94,6.96,66.9,0.76,0.93,6.0,8.36,79.74,1.48,-1.0,7.0,1.95,5.8,16.79,0.86,66.9,0.76,33670000000.0,3.08,37700.0,24946000000.0,7.07,14.7
France,643801.0,640427.0,3374.0,3956.0,4853.0,375.0,52.7,29.2,62.4,28.7,33.7,41.7,0.32,11.66,9.54,1.06,81.5,0.67,0.96,8.0,3.15,82.59,2.03,78.4,11.1,3.27,5.4,11.64,55.99,81.5,0.67,2832170000000.0,1.49,42000.0,2715574000000.0,8.12,13.6
Moldova,33851.0,32891.0,960.0,1885.0,0.0,139.0,74.9,11.9,39.6,22.2,17.4,37.7,-1.12,10.19,12.47,-8.87,43.2,0.09,0.96,19.0,11.6,72.44,1.59,56.0,6.4,3.21,6.1,15.97,3.29,43.2,0.09,32259999999.999996,-1.0,12300.0,11982000000.0,4.99,7.3
Norway,323802.0,304282.0,19520.0,2566.0,25148.0,460.0,2.7,27.8,53.3,26.5,26.9,39.5,0.8,12.0,7.96,3.92,83.7,1.32,1.02,2.0,2.31,82.55,1.83,-1.0,10.5,2.92,7.6,7.02,4.81,83.7,1.32,342060000000.0,0.86,63600.0,405695000000.0,3.72,12.7
Estonia,4236351.0,-1.0,-1.0,13770.0,53563.9,-1.0,-1.0,-1.0,-1.0,-1.0,-1.0,44.0,-0.69,9.5,10.7,-2.85,-1.0,-1.0,0.95,-1.0,3.47,77.63,1.62,-1.0,9.9,-1.0,4.7,-1.0,-1.0,-1.0,-1.0,-1.0,-1.0,-1.0,17.11,-1.0,9.8
Gambia,357022.0,348672.0,8350.0,3694.0,2389.0,263.0,48.0,31.8,55.4,21.7,33.7,47.8,-0.11,9.08,11.98,1.78,77.6,0.13,0.98,7.0,3.19,81.51,1.57,67.0,11.7,4.25,5.0,11.71,49.92,77.6,0.13,4238800000000.0,0.59,50900.0,3860923000000.0,4.98,14.8
Bolivia,207600.0,202900.0,4700.0,3599.0,0.0,160.0,43.7,42.7,48.9,25.7,23.2,40.9,-0.31,9.08,12.88,0.72,80.3,0.28,0.87,2.0,3.27,74.28,1.51,71.2,5.9,5.19,5.0,18.06,17.19,80.3,0.28,179970000000.0,1.22,19100.0,63168000000.0,-1.0,5.0
MJ,13812.0,13452.0,360.0,680.0,293.5,1086.0,38.2,40.4,51.1,27.3,23.8,39.6,-0.41,11.19,10.33,-4.97,68.2,0.45,0.97,6.0,3.24,77.75,1.81,20.7,8.3,2.76,-1.0,20.17,0.75,68.2,0.45,11360000000.0,-1.0,18300.0,5486000000.0,15.82,24.5
Slovenia,20273.0,20151.0,122.0,1211.0,46.6,492.0,22.8,62.3,55.9,23.6,32.3,44.9,-0.06,8.3,10.4,1.54,55.8,0.54,1.0,7.0,1.52,81.82,1.6,-1.0,8.5,3.09,4.9,15.81,2.1,55.8,0.54,76750000000.0,2.4,36500.0,54160000000.0,7.64,12.0
Netherlands,41543.0,33893.0,7650.0,1053.0,451.0,30.0,55.1,10.8,55.6,24.4,31.2,42.8,0.36,10.99,9.24,1.9,92.9,0.59,0.98,5.0,3.4,82.16,1.78,73.0,10.1,3.61,5.4,12.07,17.79,92.9,0.59,945480000000.0,1.63,54200.0,907042000000.0,3.41,13.6
GK,78.0,78.0,0.0,0.0,50.0,-1.0,-1.0,-1.0,49.0,22.3,26.7,44.3,0.23,9.75,9.17,1.7,31.1,0.68,0.99,-1.0,3.36,83.23,1.58,-1.0,-1.0,-1.0,-1.0,-1.0,-1.0,31.1,0.68,-1.0,-1.0,-1.0,2742000000.0,-1.0,-1.0
Malta,316.0,316.0,0.0,0.0,196.8,-1.0,32.3,0.9,55.5,22.4,33.2,42.3,0.67,9.73,8.48,5.49,94.9,0.28,1.02,6.0,4.53,83.2,1.5,-1.0,8.2,2.86,4.7,13.97,0.2,94.9,0.28,20600000000.0,4.94,39200.0,14986000000.0,0.78,17.1
Swaziland,41277.0,39997.0,1280.0,1770.0,0.0,1350.0,38.7,31.5,51.6,22.7,29.0,42.7,0.65,10.36,8.4,4.52,74.1,0.79,0.98,5.0,3.58,83.23,1.58,71.6,11.3,4.3,4.9,10.21,4.98,74.1,0.79,590710000000.0,1.11,68400.0,731502000000.0,2.31,16.0
LO,49035.0,48105.0,930.0,1587.0,0.0,458.0,40.1,40.2,47.6,23.0,24.6,41.8,-0.1,8.94,10.13,0.2,53.9,0.17,0.94,5.0,4.82,78.31,1.46,-1.0,7.0,3.42,4.0,17.54,4.43,53.9,0.17,165570000000.0,2.4,30300.0,105388000000.0,5.0,11.9
LG,64589.0,62249.0,2340.0,1370.0,498.0,87.0,29.2,54.1,59.0,26.1,32.9,44.4,-1.11,8.73,14.65,-5.19,68.5,-0.68,0.86,19.0,4.85,75.91,1.54,-1.0,6.6,3.19,4.2,12.72,1.85,68.5,-0.68,56920000000.0,2.08,29900.0,34084000000.000004,6.14,22.9
Luxembourg,2586.0,2586.0,0.0,327.0,0.0,325.0,50.7,33.5,42.8,22.2,20.5,39.5,1.64,11.61,7.21,12.01,91.9,1.43,1.02,5.0,3.25,82.98,1.63,-1.0,5.4,3.01,3.7,10.21,0.61,91.9,1.43,69720000000.0,2.31,110300.0,71089000000.0,5.36,17.5
DA,43094.0,42434.0,660.0,140.0,7314.0,34.0,63.4,12.9,57.3,25.6,31.7,42.0,0.44,11.22,9.52,2.73,88.4,0.54,0.99,4.0,3.04,81.66,1.77,-1.0,10.0,4.01,7.8,10.12,6.54,88.4,0.54,326200000000.0,2.85,55900.0,350037000000.0,3.05,12.5
VT,0.0,0.44,0.0,3.4,0.0,-1.0,0.0,-1.0,-1.0,-1.0,-1.0,-1.0,0.0,-1.0,-1.0,-1.0,100.0,0.0,-1.0,-1.0,-1.0,-1.0,-1.0,-1.0,-1.0,-1.0,-1.0,-1.0,0.0,100.0,0.0,-1.0,-1.0,-1.0,-1.0,-1.0,-1.0
Mongolia,2.0,2.0,0.0,6.0,4.1,-1.0,1.0,0.0,-1.0,-1.0,-1.0,55.4,0.6,6.66,10.7,10.03,100.0,0.5,0.94,-1.0,1.76,89.52,1.53,-1.0,1.5,7.51,1.2,12.2,0.05,100.0,0.5,-1.0,-1.0,-1.0,6006000000.0,-1.0,-1.0
Aland Islands,123.0,-1.0,-1.0,48.0,56.3,-1.0,-1.0,-1.0,-1.0,-1.0,-1.0,-1.0,-1.0,-1.0,-1.0,-1.0,-1.0,-1.0,-1.0,-1.0,-1.0,-1.0,-1.0,-1.0,-1.0,-1.0,-1.0,-1.0,-1.0,-1.0,-1.0,-1.0,-1.0,-1.0,-1.0,-1.0,-1.0
Jersey,116.0,116.0,0.0,0.0,70.0,-1.0,66.0,0.0,49.0,22.3,26.7,37.5,0.64,12.41,7.75,1.76,31.1,0.68,0.97,-1.0,3.87,82.63,1.66,-1.0,-1.0,-1.0,-1.0,-1.0,-1.0,31.1,0.68,-1.0,-1.0,-1.0,5004000000.0,-1.0,-1.0
PO,92090.0,91470.0,620.0,1224.0,1793.0,372.0,39.7,37.8,55.8,20.3,35.5,44.6,-0.2,8.0,10.9,0.91,67.4,0.44,0.9,8.0,2.5,81.5,1.43,73.9,9.5,5.12,4.7,7.87,10.93,67.4,0.44,331640000000.0,2.24,32200.0,237698000000.0,6.55,17.2
SW,450295.0,410335.0,39960.0,2211.0,3218.0,320.0,7.5,68.7,61.2,28.4,32.8,41.1,0.5,10.83,9.46,3.6,88.5,0.89,1.01,4.0,2.3,82.7,1.67,70.3,10.9,3.98,7.6,5.89,4.42,88.5,0.89,524750000000.0,1.29,50700.0,531350000000.0,6.78,17.1
BU,110879.0,108489.0,2390.0,1806.0,354.0,472.0,46.9,36.7,56.6,23.0,33.6,43.7,-0.67,8.05,14.41,-0.29,76.4,-0.28,0.95,10.0,7.98,75.57,1.5,-1.0,7.1,4.03,4.1,18.82,6.77,76.4,-0.28,155060000000.0,3.39,22400.0,68489999999.99999,5.66,23.8
Finland,338145.0,303815.0,34330.0,2563.0,1250.0,164.0,7.5,72.9,62.4,25.8,36.6,42.8,0.24,10.42,10.35,2.35,85.7,0.42,0.97,3.0,2.13,81.76,1.74,85.5,9.2,3.81,6.3,5.88,4.46,85.7,0.42,261390000000.0,1.15,47300.0,269259000000.0,6.63,12.2
UK,243610.0,241930.0,1680.0,499.0,12429.0,162.0,71.0,11.9,57.1,27.8,29.3,40.6,0.53,10.79,9.07,3.59,84.4,0.8,0.99,7.0,3.82,81.94,1.63,76.1,10.2,2.81,5.2,10.53,49.16,84.4,0.8,2797980000000.0,1.26,41600.0,2827918000000.0,3.17,18.6
Belgium,30528.0,30278.0,250.0,1297.0,66.5,181.0,44.1,22.4,57.0,26.7,30.2,41.6,0.57,10.95,9.64,4.38,98.2,0.38,0.97,5.0,3.19,81.86,1.77,66.7,10.7,3.07,6.4,12.88,7.78,98.2,0.38,557110000000.0,1.41,48200.0,533028000000.0,5.36,14.8
Hungary,93028.0,89608.0,3420.0,2106.0,0.0,143.0,58.9,22.5,46.9,22.0,30.8,43.6,-0.3,8.65,12.88,1.23,72.6,0.05,0.91,12.0,4.62,77.2,1.48,-1.0,6.4,3.41,4.6,15.62,7.25,72.6,0.05,302320000000.0,4.58,31000.0,163251000000.0,3.45,12.3
JN,377.0,377.0,0.0,0.0,124.1,-1.0,0.0,-1.0,-1.0,-1.0,-1.0,-1.0,-1.0,-1.0,-1.0,-1.0,-1.0,-1.0,-1.0,-1.0,-1.0,-1.0,-1.0,-1.0,-1.0,-1.0,-1.0,-1.0,-1.0,-1.0,-1.0,-1.0,-1.0,-1.0,-1.0,-1.0,-1.0
Albania,28748.0,27398.0,1350.0,691.0,362.0,708.0,42.8,28.8,46.9,25.3,21.6,34.3,0.22,12.69,7.31,-3.23,63.8,1.29,0.97,15.0,10.82,79.47,1.54,46.0,5.2,1.22,3.9,17.87,2.55,63.8,1.29,37730000000.0,2.24,13300.0,15273000000.0,5.83,14.3
Faroe Islands,1393.0,1393.0,0.0,0.0,1117.0,-1.0,2.1,0.1,-1.0,-1.0,-1.0,37.2,0.63,14.94,8.63,0.0,42.8,0.89,1.08,-1.0,5.99,81.26,2.29,-1.0,-1.0,2.62,8.2,-1.0,-1.0,42.8,0.89,-1.0,-1.0,-1.0,2765000000.0,-1.0,10.0
LH,65300.0,62680.0,2620.0,1545.0,90.0,110.0,44.8,34.6,56.5,24.2,32.3,44.5,-1.04,9.26,15.12,-4.54,68.5,-0.12,0.86,5.0,3.63,75.78,1.61,-1.0,7.0,6.35,3.9,11.49,3.15,68.5,-0.12,102660000000.0,4.33,36700.0,54597000000.0,8.4,20.6
KV,10887.0,10887.0,0.0,714.0,0.0,450.0,52.8,41.7,-1.0,-1.0,-1.0,30.5,0.57,14.85,8.12,-1.07,-1.0,-1.0,1.06,-1.0,27.12,71.12,1.9,-1.0,-1.0,-1.0,-1.0,-1.0,0.54,-1.0,-1.0,19130000000.0,-1.0,10800.0,7926000000.0,-1.0,17.6
EZ,78867.0,77247.0,1620.0,2046.0,0.0,433.0,54.8,34.4,56.0,24.6,31.4,43.3,0.02,8.59,10.74,2.32,74.4,0.2,1.05,3.0,2.4,79.73,1.49,-1.0,7.8,4.12,4.3,15.15,13.11,74.4,0.2,409970000000.0,2.27,38300.0,250631000000.0,2.8,10.1
Poland,312685.0,304255.0,8430.0,2865.0,440.0,173.0,48.2,30.6,51.4,23.0,28.4,41.9,-0.26,8.5,10.71,-0.33,60.1,-0.16,0.94,2.0,4.16,78.76,1.4,62.3,6.5,2.38,4.6,20.54,46.62,60.1,-0.16,1223460000000.0,4.55,32200.0,595720000000.0,5.43,15.4
AJ,86600.0,82629.0,3971.0,2468.0,0.0,384.0,57.6,11.3,43.4,33.7,9.7,32.6,0.67,13.59,6.92,0.0,57.2,1.38,0.98,26.0,23.51,74.15,1.86,54.9,4.0,3.45,2.7,18.2,44.87,57.2,1.38,138510000000.0,-1.0,13700.0,48104000000.0,-1.0,4.9
Armenia,29743.0,28203.0,1540.0,1570.0,0.0,1792.0,59.7,9.1,48.4,30.9,17.5,36.6,-0.38,11.1,9.51,-5.36,63.6,0.23,0.95,26.0,12.18,76.13,1.65,57.1,11.3,4.4,2.7,30.48,2.91,63.6,0.23,37310000000.0,-1.0,12600.0,13694000000.0,-1.0,26.4
"Iran, Islamic Republic Of",1648195.0,1531595.0,116600.0,5894.0,2440.0,1305.0,30.1,6.8,45.6,36.0,9.6,31.7,0.98,15.27,5.17,-0.3,76.8,1.32,1.03,16.0,14.84,75.25,1.93,77.4,6.7,1.58,3.7,35.09,158.71,76.8,1.32,1044310000000.0,-1.0,12400.0,581252000000.0,-1.0,18.7
KU,17818.0,17818.0,0.0,475.0,499.0,108.0,8.5,0.4,32.4,28.4,4.0,29.7,1.17,17.78,2.25,-3.87,100.0,1.35,1.37,12.0,7.43,79.13,2.24,-1.0,5.5,2.65,6.6,57.17,6.21,100.0,1.35,-1.0,-1.0,-1.0,134638000000.0,-1.0,-1.0
GZ,360.0,360.0,0.0,72.0,40.0,-1.0,-1.0,-1.0,71.2,65.7,5.5,18.0,2.02,27.67,2.91,-4.55,77.3,2.85,1.02,27.0,15.23,75.4,3.44,57.3,-1.0,2.77,5.3,-1.0,-1.0,77.3,2.85,-1.0,-1.0,-1.0,2938000000.0,-1.0,30.0
Iceland,21937.0,21497.0,440.0,1068.0,273.0,508.0,23.8,7.1,67.3,46.6,20.8,30.4,1.44,17.41,5.05,2.02,92.8,1.51,1.01,3.0,3.56,83.35,2.56,-1.0,7.5,4.63,6.2,19.46,13.02,92.8,1.51,353390000000.0,3.28,38300.0,394930000000.0,3.81,22.0
Syrian Arab Republic,187437.0,185887.0,1550.0,2363.0,193.0,514.0,75.8,2.7,55.4,47.8,7.6,23.5,5.91,22.72,4.22,40.58,56.8,5.38,1.0,31.0,15.87,74.28,2.8,-1.0,-1.0,1.29,-1.0,39.43,12.93,56.8,5.38,-1.0,-1.0,-1.0,24600000000.0,-1.0,82.5
YM,527968.0,527968.0,0.0,1601.0,1906.0,999.0,44.5,1.0,71.7,66.7,5.0,19.8,1.88,24.64,5.62,-0.19,39.2,3.71,1.02,164.0,46.54,67.51,3.01,33.5,4.3,0.53,-1.0,44.96,8.03,39.2,3.71,-1.0,-1.0,-1.0,54356000000.0,-1.0,48.6
Saudi Arabia,2149690.0,2149690.0,0.0,4272.0,2640.0,665.0,80.7,0.5,39.3,34.4,4.9,30.8,1.63,14.22,3.42,5.52,84.7,1.69,1.3,17.0,12.27,76.65,1.92,24.6,5.7,2.61,-1.0,78.38,45.47,84.7,1.69,1543240000000.0,-1.0,44300.0,792849000000.0,-1.0,-1.0
LE,10400.0,10230.0,170.0,484.0,225.0,1250.0,63.3,13.4,48.4,37.2,11.2,33.7,0.66,13.1,5.57,-0.94,89.3,-1.23,1.0,29.0,7.04,78.76,1.71,-1.0,8.7,2.1,2.6,30.67,3.37,89.3,-1.23,79510000000.0,-1.0,11600.0,53253000000.0,-1.0,27.4
Mauritius,309500.0,309500.0,0.0,1561.0,2092.0,310.0,4.7,0.0,33.3,30.0,3.3,26.2,1.84,22.11,3.23,-0.45,87.8,2.32,1.17,19.0,14.45,76.9,2.7,29.7,4.1,2.0,5.4,38.25,5.6,87.8,2.32,-1.0,-1.0,-1.0,76883000000.0,-1.0,-1.0
Bosnia And Herzegovina,760.0,760.0,0.0,0.0,161.0,-1.0,11.3,0.7,26.5,23.1,3.4,32.9,0.88,12.4,2.82,-0.82,89.7,1.99,1.52,14.0,10.19,79.9,1.67,-1.0,4.0,0.93,2.3,69.04,15.47,89.7,1.99,69650000000.0,2.49,40900.0,38472000000.0,-1.0,-1.0
WE,5860.0,5640.0,220.0,478.0,0.0,-1.0,43.3,1.5,71.2,65.7,5.5,21.9,1.69,24.42,3.4,-4.09,77.3,2.85,1.03,27.0,15.29,76.38,2.96,57.3,-1.0,1.45,5.3,-1.0,-1.0,77.3,2.85,25910000000.0,-1.0,5400.0,9828000000.0,-1.0,18.0
Guernsey,69700.0,69700.0,0.0,1814.0,310.0,1432.0,35.5,39.4,55.0,31.3,23.6,38.6,0.03,11.0,10.8,0.06,60.3,0.35,0.92,25.0,14.77,77.5,1.75,40.6,6.7,7.12,3.8,21.2,6.05,60.3,0.35,52330000000.0,-1.0,14100.0,17694000000.0,-1.0,19.5
United Arab Emirates,83600.0,83600.0,0.0,1066.0,1318.0,149.0,4.6,3.8,19.2,17.7,1.5,38.4,0.58,10.81,1.56,-3.45,87.5,1.5,2.21,3.0,5.14,79.56,1.64,-1.0,4.3,2.53,3.1,39.44,56.55,87.5,1.5,-1.0,-1.0,-1.0,421077000000.0,-1.0,19.5
Jordan,89342.0,88802.0,540.0,1744.0,26.0,812.0,11.4,1.1,58.2,52.0,6.3,23.5,0.81,22.58,3.45,-11.08,91.8,0.98,1.1,46.0,13.9,76.01,2.96,51.8,7.6,2.32,3.0,32.09,6.04,91.8,0.98,100160000000.0,2.0,9800.0,44568000000.0,19.1,15.7
TU,783562.0,769632.0,13930.0,2816.0,7200.0,1132.0,49.7,14.9,49.1,35.7,13.4,32.2,0.67,14.28,6.05,-1.54,77.0,1.11,1.01,17.0,19.35,76.21,1.93,69.8,4.3,1.85,4.3,41.97,57.53,77.0,1.11,2393960000000.0,0.98,28400.0,760028000000.0,13.68,14.4
Qatar,11586.0,11586.0,0.0,87.0,563.0,28.0,5.6,0.0,18.1,16.1,2.0,33.7,1.04,9.33,1.42,2.45,99.3,1.66,3.36,9.0,6.62,79.81,1.9,37.5,2.9,2.49,3.2,90.35,8.34,99.3,1.66,245660000000.0,-1.0,85300.0,191290000000.0,-1.0,-1.0
IZ,438317.0,437367.0,950.0,3809.0,58.0,312.0,18.1,1.9,69.9,64.1,5.9,21.2,2.0,24.7,3.9,-0.83,71.4,2.91,1.01,79.0,19.62,73.18,3.25,52.8,4.5,0.71,-1.0,57.73,17.44,71.4,2.91,372270000000.0,-1.0,9300.0,231994000000.0,-1.0,23.0
Dominican Republic,751.0,751.0,-1.0,0.0,148.0,-1.0,34.7,59.2,-1.0,-1.0,-1.0,34.9,0.05,13.91,8.11,-5.31,71.7,0.84,1.02,-1.0,11.27,78.21,2.02,-1.0,5.5,1.12,5.0,18.17,0.04,71.7,0.84,710000000.0,-1.0,9900.0,557000000.0,-1.0,29.0
Cuba,110860.0,109820.0,1040.0,28.5,3735.0,108.0,60.3,27.3,46.7,23.3,23.3,42.1,-0.21,10.11,9.29,-2.92,77.4,0.19,0.93,36.0,4.13,79.64,1.71,69.0,11.3,8.42,-1.0,18.37,9.3,77.4,0.19,-1.0,-1.0,-1.0,93790000000.0,-1.0,-1.0
AC,443.0,442.6,0.0,0.0,153.0,-1.0,20.5,18.8,45.3,31.8,13.6,32.7,1.15,15.16,5.65,2.03,24.3,0.87,0.89,-1.0,14.3,77.8,1.95,-1.0,4.4,2.96,3.3,17.92,0.22,24.3,0.87,1760000000.0,-1.0,18000.0,1524000000.0,-1.0,-1.0
AA,180.0,180.0,0.0,0.0,68.5,-1.0,11.1,2.3,47.0,25.6,21.5,39.9,1.14,11.82,8.62,8.18,44.1,0.77,0.9,-1.0,12.09,78.01,1.83,-1.0,-1.0,-1.0,5.5,-1.0,-1.0,44.1,0.77,-1.0,-1.0,-1.0,2700000000.0,-1.0,-1.0
Sao Tome And Principe,616.0,606.0,10.0,0.0,158.0,-1.0,17.4,77.0,39.4,25.0,14.4,36.9,0.29,12.02,8.07,-1.09,19.0,0.98,0.94,117.0,11.99,78.95,1.72,55.5,4.3,0.64,3.6,21.22,0.27,19.0,0.98,2250000000.0,-1.0,12300.0,1686000000.0,-1.0,25.0
"Virgin Islands, U.S.",151.0,151.0,0.0,0.0,80.0,-1.0,46.7,24.3,-1.0,-1.0,-1.0,37.2,1.91,10.95,5.38,13.56,49.3,1.73,0.91,-1.0,14.16,79.67,1.35,-1.0,-1.0,-1.0,2.9,-1.0,-1.0,49.3,1.73,-1.0,-1.0,-1.0,1028000000.0,-1.0,-1.0
VQ,1910.0,346.0,1564.0,0.0,188.0,-1.0,11.5,57.4,66.0,32.0,34.0,41.8,-0.45,11.63,8.78,-7.35,96.1,-0.11,0.91,-1.0,7.65,80.27,2.0,-1.0,-1.0,-1.0,-1.0,-1.0,-1.0,96.1,-0.11,-1.0,-1.0,-1.0,5182000000.0,-1.0,28.9
HO,112090.0,111890.0,200.0,1575.0,823.0,684.0,28.8,45.3,55.2,47.5,7.7,24.4,1.19,17.92,4.68,-1.34,59.6,2.48,0.95,65.0,15.08,75.17,2.01,73.2,7.3,0.31,4.9,20.12,7.72,59.6,2.48,50890000000.0,-1.0,5100.0,25145000000.0,-1.0,48.3
Barbados,430.0,430.0,0.0,0.0,97.0,-1.0,32.6,19.4,50.3,25.2,25.1,39.5,0.26,10.83,7.96,-0.29,31.3,0.46,0.93,27.0,10.0,78.55,1.7,59.2,6.3,2.48,4.3,22.24,2.35,31.3,0.46,3700000000.0,-1.0,12900.0,4990000000.0,-1.0,-1.0
Jamaica,10991.0,10831.0,160.0,0.0,1022.0,18.0,41.4,31.1,48.0,34.6,13.4,29.4,0.08,15.91,7.43,-7.7,57.0,0.79,0.98,80.0,11.17,75.75,2.06,-1.0,6.1,1.31,5.4,13.25,1.08,57.0,0.79,25890000000.0,-1.0,8700.0,15847000000.0,7.72,17.1
HA,27750.0,27560.0,190.0,376.0,1771.0,470.0,66.4,3.6,60.4,52.1,8.3,24.1,1.2,21.12,7.23,-1.88,58.8,2.47,0.97,480.0,40.02,65.95,2.43,34.3,4.7,0.23,1.7,14.63,6.12,58.8,2.47,31620000000.0,-1.0,2800.0,8608000000.0,-1.0,58.5
CJ,264.0,264.0,0.0,0.0,160.0,-1.0,11.2,52.9,-1.0,-1.0,-1.0,40.5,1.83,11.69,5.97,12.56,100.0,1.13,0.95,-1.0,7.65,82.04,1.82,-1.0,-1.0,-1.0,-1.0,-1.0,-1.0,100.0,1.13,-1.0,-1.0,-1.0,2250000000.0,-1.0,-1.0
Marshall Islands,102.0,102.0,0.0,0.0,40.0,-1.0,30.0,25.0,-1.0,-1.0,-1.0,34.8,0.5,10.9,5.91,0.0,9.2,0.94,1.0,-1.0,10.36,75.7,1.32,-1.0,-1.0,-1.0,9.1,-1.0,-1.0,9.2,0.94,-1.0,-1.0,-1.0,167400000.0,-1.0,-1.0
Tokelau,948.0,948.0,0.0,0.0,389.0,-1.0,1.1,36.2,-1.0,-1.0,-1.0,34.6,1.86,13.54,3.5,8.58,94.0,1.46,1.01,-1.0,11.59,80.82,1.7,-1.0,-1.0,-1.0,3.5,-1.0,-1.0,94.0,1.46,820000000.0,-1.0,21100.0,1020000000.0,-1.0,-1.0
BQ,5.0,5.4,0.0,0.0,8.0,-1.0,-1.0,-1.0,-1.0,-1.0,-1.0,-1.0,-1.0,-1.0,-1.0,-1.0,-1.0,-1.0,-1.0,-1.0,-1.0,-1.0,-1.0,-1.0,-1.0,-1.0,-1.0,-1.0,-1.0,-1.0,-1.0,-1.0,-1.0,-1.0,-1.0,-1.0,-1.0
TB,25.0,25.0,-1.0,0.0,-1.0,-1.0,-1.0,-1.0,-1.0,-1.0,-1.0,45.6,-0.16,9.29,9.01,-1.83,-1.0,-1.0,1.12,-1.0,6.71,80.58,1.64,-1.0,-1.0,-1.0,-1.0,-1.0,-1.0,-1.0,-1.0,-1.0,-1.0,-1.0,-1.0,-1.0,-1.0
RN,54.0,54.4,-1.0,16.0,58.9,-1.0,-1.0,-1.0,-1.0,-1.0,-1.0,33.3,0.33,14.09,4.64,-6.13,-1.0,-1.0,0.92,-1.0,6.71,80.58,1.8,-1.0,-1.0,-1.0,-1.0,-1.0,-1.0,-1.0,-1.0,-1.0,-1.0,-1.0,561500000.0,-1.0,-1.0
Bahrain,22966.0,22806.0,160.0,542.0,386.0,173.0,6.9,60.6,52.0,44.4,7.6,23.9,1.64,21.28,3.94,-0.96,46.4,2.3,1.0,36.0,11.15,75.82,2.62,51.4,6.0,1.12,7.9,21.23,0.55,46.4,2.3,2430000000.0,-1.0,6100.0,1854000000.0,-1.0,41.0
Saint Pierre And Miquelon,75420.0,74340.0,1080.0,687.0,2490.0,360.0,30.5,43.6,53.9,40.8,13.1,30.1,1.53,17.99,6.11,3.42,69.1,1.92,1.02,52.0,16.44,77.62,2.39,50.8,7.6,1.57,3.1,11.18,5.97,69.1,1.92,109520000000.0,-1.0,25400.0,66801000000.0,-1.0,22.1
Chad,5128.0,5128.0,0.0,0.0,362.0,83.0,10.6,44.0,46.1,29.3,16.8,37.8,0.14,10.79,8.38,-1.01,53.3,0.23,1.01,67.0,15.83,75.94,1.63,40.3,7.0,4.17,3.6,22.04,1.35,53.3,0.23,33210000000.0,-1.0,23700.0,24031000000.0,-1.0,20.0
Saint Vincent And Grenadines,389.0,389.0,0.0,0.0,84.0,-1.0,25.6,68.7,46.7,32.1,14.5,35.3,-0.17,12.27,7.49,-6.47,53.9,0.94,1.04,98.0,12.87,76.68,1.75,-1.0,4.8,0.66,5.7,21.2,0.09,53.9,0.94,1340000000.0,-1.0,12100.0,785000000.0,-1.0,-1.0
NN,34.0,34.0,0.0,16.0,58.9,-1.0,-1.0,-1.0,-1.0,-1.0,-1.0,41.1,1.23,12.56,6.07,5.83,100.0,1.16,0.98,-1.0,7.98,79.26,1.99,-1.0,-1.0,-1.0,-1.0,-1.0,-1.0,100.0,1.16,-1.0,-1.0,-1.0,304100000.0,-1.0,-1.0
Seychelles,261.0,261.0,0.0,0.0,135.0,-1.0,23.1,42.3,-1.0,-1.0,-1.0,36.5,0.61,12.24,7.27,1.16,31.0,1.06,1.0,-1.0,8.35,77.08,1.76,-1.0,5.4,2.68,2.6,12.31,0.1,31.0,1.06,1240000000.0,-1.0,23300.0,964000000.0,-1.0,-1.0
CS,51100.0,51060.0,40.0,661.0,1290.0,746.0,37.1,51.5,45.1,30.2,14.9,32.6,1.01,14.28,4.91,0.77,82.0,1.5,1.0,27.0,8.39,79.64,1.86,70.9,7.3,2.89,6.7,15.85,5.61,82.0,1.5,100250000000.0,-1.0,19700.0,61855000000.0,-1.0,21.0
RQ,9104.0,8959.0,145.0,0.0,501.0,261.0,22.0,63.2,57.7,24.8,32.8,43.6,-1.38,7.87,9.76,-11.9,93.6,-0.12,0.89,21.0,6.04,81.68,1.24,-1.0,-1.0,3.06,6.1,-1.0,-1.0,93.6,-0.12,106820000000.0,-1.0,33400.0,104200000000.0,-1.0,-1.0
Niue,130370.0,119990.0,10380.0,1253.0,910.0,298.0,42.2,25.3,54.3,45.5,8.8,27.3,0.92,16.52,5.17,-2.15,59.6,1.45,0.95,198.0,19.09,74.78,1.8,80.4,8.4,0.98,3.4,16.87,6.46,59.6,1.45,34980000000.0,-1.0,5300.0,12570000000.0,-1.0,24.9
DR,48670.0,48320.0,350.0,376.0,1288.0,424.0,51.5,40.8,53.8,42.2,11.6,27.9,0.91,18.03,6.29,-2.68,83.8,1.64,1.02,95.0,21.18,72.56,2.21,69.5,5.9,1.53,4.0,12.95,8.1,83.8,1.64,184450000000.0,-1.0,17000.0,88956000000.0,-1.0,21.0
Guatemala,108889.0,107159.0,1730.0,1667.0,400.0,759.0,41.2,33.6,62.3,54.1,8.2,23.2,1.58,22.34,4.91,-1.66,52.7,2.59,0.98,95.0,26.18,72.91,2.62,60.6,6.2,0.36,3.3,23.59,10.7,52.7,2.59,141500000000.0,-1.0,8400.0,76678000000.0,-1.0,59.3
Spain,21041.0,20721.0,320.0,590.0,307.0,442.0,74.7,13.6,54.4,41.1,13.4,27.7,0.57,17.87,5.91,-6.29,74.8,1.33,0.92,46.0,12.14,75.37,2.05,71.9,7.2,1.57,3.4,23.42,4.71,74.8,1.33,52260000000.0,-1.0,8100.0,27023000000.0,-1.0,22.8
UC,444.0,444.0,0.0,-1.0,364.0,-1.0,10.0,-1.0,55.9,28.3,27.5,36.7,0.32,13.2,8.71,-1.31,89.0,0.57,0.99,-1.0,7.88,79.42,1.98,-1.0,-1.0,-1.0,4.9,-1.0,-1.0,89.0,0.57,-1.0,-1.0,-1.0,5600000000.0,-1.0,-1.0
Burkina Faso,13880.0,10010.0,3870.0,0.0,3542.0,-1.0,1.4,51.4,41.5,30.6,11.0,32.8,0.82,14.64,6.41,0.0,83.5,1.02,0.95,70.0,12.78,76.13,1.98,-1.0,5.8,2.01,2.5,17.56,0.23,83.5,1.02,12100000000.0,-1.0,30800.0,12160000000.0,-1.0,9.3
GJ,344.0,344.0,0.0,0.0,121.0,-1.0,32.3,50.0,50.5,35.8,14.7,33.3,0.32,13.94,8.31,-2.43,36.9,0.86,1.03,25.0,9.4,75.74,1.93,-1.0,5.0,1.41,3.6,21.56,2.04,36.9,0.86,1700000000.0,-1.0,15100.0,1119000000.0,-1.0,38.0
AV,91.0,91.0,0.0,0.0,61.0,-1.0,0.0,61.1,-1.0,-1.0,-1.0,35.7,1.8,12.01,4.64,10.67,100.0,0.47,0.89,-1.0,3.07,82.2,1.72,-1.0,-1.0,-1.0,3.6,-1.0,-1.0,100.0,0.47,-1.0,-1.0,-1.0,175400000.0,-1.0,23.0
Nauru,21.0,21.0,0.0,0.0,30.0,-1.0,20.0,0.0,-1.0,-1.0,-1.0,27.0,0.42,21.1,6.32,-10.6,100.0,0.18,0.96,-1.0,7.84,67.93,2.62,-1.0,9.8,1.35,-1.0,12.53,0.01,100.0,0.18,-1.0,-1.0,-1.0,114000000.0,-1.0,-1.0
CW,236.0,236.0,0.0,0.0,120.0,-1.0,8.4,64.6,-1.0,-1.0,-1.0,38.3,-2.39,12.55,9.1,-27.31,75.9,0.52,1.06,-1.0,15.93,77.14,2.07,-1.0,3.1,1.41,3.5,12.03,-1.0,75.9,0.52,-1.0,-1.0,-1.0,299900000.0,-1.0,-1.0
United States Outlying Islands,-1.0,6959.41,-1.0,0.0,-1.0,-1.0,-1.0,-1.0,-1.0,-1.0,-1.0,-1.0,-1.0,-1.0,-1.0,-1.0,-1.0,-1.0,-1.0,-1.0,-1.0,-1.0,-1.0,-1.0,-1.0,-1.0,-1.0,-1.0,-1.0,-1.0,-1.0,-1.0,-1.0,-1.0,-1.0,-1.0,-1.0
New Zealand,268838.0,264537.0,4301.0,0.0,15134.0,388.0,43.2,31.4,55.8,30.3,25.5,37.2,1.17,12.78,6.89,5.83,86.9,0.92,1.0,9.0,3.44,82.54,1.86,79.9,9.7,3.59,6.0,5.73,34.3,86.9,0.92,215600000000.0,2.22,42400.0,205202000000.0,4.13,-1.0
WQ,7.0,6.5,0.0,0.0,19.3,-1.0,0.0,-1.0,-1.0,-1.0,-1.0,-1.0,-1.0,-1.0,-1.0,-1.0,-1.0,-1.0,-1.0,-1.0,-1.0,-1.0,-1.0,-1.0,-1.0,-1.0,-1.0,-1.0,-1.0,-1.0,-1.0,-1.0,-1.0,-1.0,-1.0,-1.0,-1.0
Antarctica,224.0,224.0,0.0,0.0,116.0,-1.0,24.5,75.5,-1.0,-1.0,-1.0,27.2,-1.92,16.7,6.1,-29.8,87.2,0.26,0.99,-1.0,10.06,75.32,2.21,-1.0,-1.0,-1.0,-1.0,-1.0,-1.0,87.2,0.26,-1.0,-1.0,-1.0,658000000.0,-1.0,-1.0
New Caledonia,18575.0,18275.0,300.0,0.0,2254.0,-1.0,10.4,45.9,46.6,32.4,14.2,32.9,1.19,14.13,5.88,3.66,72.3,1.72,0.99,-1.0,5.0,78.83,1.86,-1.0,-1.0,2.22,-1.0,-1.0,-1.0,72.3,1.72,-1.0,-1.0,-1.0,9770000000.0,-1.0,17.0
Tunisia,747.0,717.0,30.0,0.0,419.0,-1.0,43.1,12.5,68.6,58.6,10.0,24.1,-0.26,20.31,4.95,-18.01,23.1,0.99,1.01,52.0,12.41,77.53,2.76,29.3,5.0,0.54,8.0,10.08,0.12,23.1,0.99,-1.0,-1.0,-1.0,455000000.0,-1.0,22.5
FP,4167.0,3827.0,340.0,0.0,2525.0,-1.0,12.5,43.7,45.5,32.3,13.2,33.3,0.73,13.47,5.59,-0.63,62.2,0.65,1.05,-1.0,4.4,78.43,1.81,-1.0,-1.0,2.13,-1.0,-1.0,-1.0,62.2,0.65,-1.0,-1.0,-1.0,4795000000.0,-1.0,19.7
Cook Islands,14.0,14.0,0.0,0.0,26.0,-1.0,0.0,0.0,-1.0,-1.0,-1.0,-1.0,-1.0,-1.0,8.89,-1.0,-1.0,-1.0,-1.0,-1.0,-1.0,-1.0,-1.0,-1.0,-1.0,-1.0,-1.0,-1.0,-1.0,-1.0,-1.0,-1.0,-1.0,-1.0,-1.0,-1.0,-1.0
Timor-Leste,12.0,12.0,0.0,0.0,101.0,-1.0,60.0,0.0,-1.0,-1.0,-1.0,-1.0,-0.01,-1.0,-1.0,-3.84,0.0,0.0,-1.0,-1.0,-1.0,-1.0,-1.0,-1.0,-1.0,2.72,-1.0,-1.0,-1.0,0.0,0.0,-1.0,-1.0,-1.0,12658000.0,-1.0,-1.0
Norfolk Island,36.0,36.0,0.0,0.0,32.0,-1.0,25.0,11.5,-1.0,-1.0,-1.0,-1.0,0.01,-1.0,-1.0,-1.0,-1.0,-1.0,-1.0,-1.0,-1.0,-1.0,-1.0,-1.0,-1.0,-1.0,-1.0,-1.0,-1.0,-1.0,-1.0,-1.0,-1.0,-1.0,-1.0,-1.0,-1.0
Costa Rica,3.0,3.0,0.0,0.0,3095.0,-1.0,0.0,-1.0,-1.0,-1.0,-1.0,-1.0,-1.0,-1.0,-1.0,-1.0,-1.0,-1.0,-1.0,-1.0,-1.0,-1.0,-1.0,-1.0,-1.0,-1.0,-1.0,-1.0,-1.0,-1.0,-1.0,-1.0,-1.0,-1.0,-1.0,-1.0,-1.0
PC,47.0,47.0,0.0,0.0,51.0,-1.0,0.0,74.5,-1.0,-1.0,-1.0,-1.0,0.0,-1.0,-1.0,-1.0,-1.0,-1.0,-1.0,-1.0,-1.0,-1.0,-1.0,-1.0,-1.0,-1.0,-1.0,-1.0,-1.0,-1.0,-1.0,-1.0,-1.0,-1.0,-1.0,-1.0,-1.0
CQ,464.0,464.0,0.0,0.0,1482.0,-1.0,6.6,65.5,-1.0,-1.0,-1.0,32.8,-0.35,15.5,5.44,-13.6,92.0,0.36,1.13,-1.0,12.48,76.58,2.63,-1.0,-1.0,-1.0,-1.0,-1.0,-1.0,92.0,0.36,-1.0,-1.0,-1.0,1242000000.0,-1.0,-1.0
"Micronesia, Federated States Of",702.0,702.0,0.0,0.0,6112.0,-1.0,25.5,74.5,55.2,48.4,6.8,26.3,-0.67,18.39,4.19,-20.91,23.2,1.52,0.96,88.0,21.9,74.44,2.24,-1.0,11.4,-1.0,9.7,10.23,0.02,23.2,1.52,-1.0,-1.0,-1.0,328000000.0,-1.0,41.2
BP,28896.0,27986.0,910.0,0.0,5313.0,-1.0,3.9,78.9,77.6,71.1,6.5,23.5,1.72,22.71,3.96,-1.55,25.6,3.57,1.04,104.0,20.02,76.7,2.87,29.3,4.8,0.19,10.1,10.67,0.43,25.6,3.57,1710000000.0,-1.0,2500.0,1298000000.0,-1.0,12.7
Austria,5.0,5.0,0.0,0.0,74.1,-1.0,0.0,-1.0,-1.0,-1.0,-1.0,-1.0,0.32,-1.0,-1.0,-1.0,-1.0,-1.0,-1.0,-1.0,-1.0,-1.0,-1.0,-1.0,-1.0,-1.0,-1.0,-1.0,-1.0,-1.0,-1.0,-1.0,-1.0,-1.0,-1.0,-1.0,-1.0
RM,181.0,181.0,0.0,0.0,370.4,2.0,50.7,49.3,-1.0,-1.0,-1.0,23.8,1.34,22.0,4.28,-4.37,78.5,0.61,1.03,-1.0,21.66,74.65,2.76,-1.0,16.3,0.42,9.6,9.43,0.03,78.5,0.61,-1.0,-1.0,-1.0,222000000.0,-1.0,-1.0
"Palestinian Territory, Occupied",459.0,459.0,0.0,0.0,1519.0,-1.0,10.8,87.6,-1.0,-1.0,-1.0,33.9,0.39,11.52,8.25,0.6,82.0,1.59,1.07,-1.0,11.28,74.64,1.7,-1.0,15.2,1.42,-1.0,12.18,0.06,82.0,1.59,-1.0,-1.0,-1.0,292000000.0,-1.0,24.9
Niger,260.0,260.0,0.0,0.0,64.0,-1.0,19.1,71.2,-1.0,-1.0,-1.0,-1.0,-0.03,-1.0,-1.0,-1.0,47.6,1.43,-1.0,-1.0,-1.0,-1.0,-1.0,-1.0,5.3,-1.0,-1.0,11.47,-1.0,47.6,1.43,-1.0,-1.0,-1.0,10010000.0,-1.0,-1.0
Wallis And Futuna,142.0,142.0,0.0,0.0,129.0,-1.0,42.8,41.9,-1.0,-1.0,-1.0,34.0,0.25,12.27,5.79,-3.96,0.0,0.0,1.06,-1.0,4.0,80.67,1.71,-1.0,-1.0,-1.0,-1.0,-1.0,-1.0,0.0,0.0,-1.0,-1.0,-1.0,195000000.0,-1.0,-1.0
Fiji,18274.0,18274.0,0.0,0.0,1129.0,-1.0,23.3,55.7,53.4,44.5,8.9,29.9,0.44,16.56,6.37,-5.84,58.2,1.37,1.03,34.0,10.06,74.27,2.26,-1.0,3.8,0.86,5.1,10.19,0.95,58.2,1.37,9860000000.0,-1.0,11000.0,4891000000.0,-1.0,29.9
Tuvalu,26.0,26.0,0.0,0.0,24.0,2.0,60.0,33.3,-1.0,-1.0,-1.0,26.6,0.83,22.7,7.97,-6.41,65.5,2.08,0.98,-1.0,28.92,68.38,2.83,-1.0,24.0,0.91,-1.0,11.42,0.01,65.5,2.08,50000000.0,-1.0,4400.0,40000000.0,-1.0,26.3
American Samoa,7741220.0,7682300.0,58920.0,0.0,25760.0,330.0,46.65,17.42,55.1,29.9,25.1,37.5,1.25,12.3,6.77,6.93,86.5,1.27,0.99,6.0,3.01,83.09,1.73,66.9,9.9,3.68,5.1,7.19,105.01,86.5,1.27,1250900000000.0,1.84,48700.0,1390790000000.0,5.16,-1.0
KT,135.0,135.0,0.0,0.0,138.9,-1.0,0.0,-1.0,-1.0,-1.0,-1.0,-1.0,1.11,-1.0,-1.0,-1.0,-1.0,-1.0,-1.0,-1.0,-1.0,-1.0,-1.0,-1.0,-1.0,-1.0,-1.0,-1.0,-1.0,-1.0,-1.0,-1.0,-1.0,-1.0,-1.0,-1.0,-1.0
NH,12189.0,12189.0,0.0,0.0,2528.0,-1.0,15.3,36.1,72.5,66.2,12.3,23.0,1.63,21.57,3.98,-1.3,25.8,2.55,0.99,72.0,14.34,75.14,2.66,49.0,3.4,0.17,2.3,10.31,0.5,25.8,2.55,850000000.0,-1.0,2800.0,870000000.0,-1.0,-1.0
Korea,811.0,811.0,0.0,0.0,1143.0,2.0,42.0,15.0,67.0,60.0,7.0,25.7,1.04,20.12,6.92,-2.8,57.1,2.77,0.94,92.0,32.93,67.9,2.2,33.5,10.3,0.2,12.4,10.45,0.02,57.1,2.77,270000000.0,-1.0,2300.0,197000000.0,-1.0,-1.0
Equatorial Guinea,544.0,544.0,0.0,0.0,125.5,-1.0,33.4,47.9,52.4,36.4,16.1,29.4,0.16,18.56,6.03,-10.96,95.1,0.84,1.06,-1.0,11.46,77.5,2.78,-1.0,-1.0,-1.0,-1.0,-1.0,-1.0,95.1,0.84,-1.0,-1.0,-1.0,5793000000.0,-1.0,23.0
Samoa,2831.0,2821.0,10.0,0.0,403.0,-1.0,12.4,60.4,73.3,64.5,8.8,25.6,0.63,19.21,5.37,-7.51,17.6,-0.03,1.03,43.0,18.0,75.19,2.42,16.6,6.4,0.35,4.8,10.56,0.27,17.6,-0.03,1250000000.0,-1.0,6300.0,841000000.0,-1.0,20.3
TS,163610.0,155360.0,8250.0,1495.0,1148.0,246.0,64.8,6.6,49.6,36.3,13.3,32.7,0.69,14.62,6.36,-1.33,70.2,1.34,0.98,43.0,11.87,76.82,2.0,50.7,7.0,1.3,7.3,35.66,7.89,70.2,1.34,114970000000.0,-1.0,9700.0,38884000000.0,-1.0,15.2
Liechtenstein,111369.0,96320.0,15049.0,1667.0,579.0,243.0,28.1,44.6,77.6,71.7,5.9,18.0,2.73,36.64,6.62,-2.74,53.1,3.41,1.0,661.0,44.57,65.45,4.79,24.9,8.5,0.04,2.3,17.19,6.56,53.1,3.41,6850000000.0,-1.0,1400.0,3071000000.0,-1.0,50.9
Kenya,580367.0,569140.0,11227.0,3457.0,536.0,762.0,48.1,6.1,69.8,65.5,4.3,20.0,2.12,26.39,5.01,-0.19,29.0,4.09,1.0,342.0,27.86,69.69,3.29,59.7,4.6,0.16,5.1,25.85,37.65,29.0,4.09,226940000000.0,5.39,4200.0,95520000000.0,-1.0,36.1
Nigeria,1267000.0,1266700.0,300.0,5834.0,0.0,474.0,35.1,1.0,109.5,104.1,5.4,14.8,3.66,47.08,9.87,-0.64,16.9,4.72,0.98,509.0,66.81,60.09,6.82,11.0,5.7,0.04,3.5,70.8,22.99,16.9,4.72,28970000000.0,-1.0,1200.0,12926000000.0,-1.0,40.8
Rwanda,26338.0,24668.0,1670.0,930.0,0.0,1598.0,74.5,18.0,74.2,68.8,5.4,19.7,1.74,26.44,5.86,-3.21,17.7,3.07,0.96,248.0,26.39,65.85,3.33,53.2,6.4,0.13,3.4,40.75,2.92,17.7,3.07,27180000000.0,-1.0,2100.0,9136000000.0,-1.0,38.2
Sierra Leone,71740.0,71620.0,120.0,1093.0,402.0,279.0,56.2,37.5,76.3,71.1,5.2,19.1,2.49,32.2,9.32,2.03,43.8,3.02,0.98,1120.0,73.42,58.76,3.8,21.2,8.8,0.03,9.3,20.63,3.16,43.8,3.02,13150000000.0,-1.0,1600.0,4131999999.9999995,-1.0,56.8
Libyan Arab Jamahiriya,1759540.0,1759540.0,0.0,4339.0,1770.0,423.0,8.8,0.1,47.7,41.0,6.7,25.8,1.65,21.56,3.45,-1.61,81.3,1.45,1.04,72.0,11.22,77.18,3.09,27.7,-1.0,2.09,-1.0,44.17,45.76,81.3,1.45,70650000000.0,-1.0,10300.0,52259000000.0,-1.0,-1.0
South Africa,752618.0,743398.0,9220.0,6043.15,0.0,1138.0,31.7,66.3,85.7,81.7,4.0,16.9,2.9,34.86,6.12,0.24,45.8,4.15,1.0,213.0,37.11,66.26,4.56,49.6,5.3,1.19,4.5,24.7,14.1,45.8,4.15,60120000000.0,-1.0,3300.0,25710000000.0,-1.0,54.4
SU,1861484.0,1731671.0,129813.0,6819.0,853.0,568.0,100.0,0.0,76.9,70.4,6.5,18.3,2.55,33.47,6.3,-1.67,36.0,3.43,1.01,295.0,42.27,67.12,4.6,12.2,4.6,0.26,-1.0,47.92,75.1,36.0,3.43,176400000000.0,-1.0,4000.0,24918000000.0,-1.0,46.5
Congo,2344858.0,2267048.0,77810.0,11027.0,37.0,726.0,11.4,67.9,95.4,89.5,5.9,16.7,3.14,40.08,7.94,-0.71,46.8,4.33,1.0,473.0,60.85,61.83,5.63,28.1,3.5,0.07,1.5,37.62,61.24,46.8,4.33,96030000000.0,-1.0,1100.0,47160000000.0,-1.0,63.0
GV,245857.0,245717.0,140.0,4046.0,320.0,472.0,58.1,26.5,85.2,79.7,5.5,19.1,2.76,35.67,8.12,0.0,37.7,3.64,1.0,576.0,49.63,63.9,4.85,10.9,4.0,0.08,2.2,22.43,11.13,37.7,3.64,35080000000.0,-1.0,2700.0,13550000000.0,-1.0,43.7
Morocco,587041.0,581540.0,5501.0,0.0,4828.0,615.0,71.1,21.5,75.9,70.5,5.5,20.3,2.27,28.68,6.0,0.0,39.9,4.26,1.0,335.0,39.04,68.17,3.62,44.4,3.7,0.18,2.9,21.44,10.14,39.9,4.26,41820000000.0,-1.0,1500.0,13964000000.0,-1.0,70.7
Tanzania,947300.0,885800.0,61500.0,4161.0,1424.0,1018.0,43.7,37.3,85.9,81.0,4.9,18.2,2.78,33.3,5.09,-0.41,36.7,4.89,1.0,524.0,30.87,70.19,4.39,38.4,3.8,0.01,3.1,25.59,59.08,36.7,4.89,152790000000.0,6.98,2600.0,60633000000.0,-1.0,26.4
Ethiopia,1104300.0,1096570.0,7730.0,5925.0,0.0,1330.0,36.3,12.2,76.8,70.6,6.3,19.8,2.46,30.49,5.7,-0.19,22.7,4.4,0.99,401.0,33.51,68.25,3.99,37.0,3.2,0.08,5.1,34.36,114.21,22.7,4.4,264050000000.0,-1.0,2300.0,92154000000.0,-1.0,23.5
Somalia,637657.0,627337.0,10320.0,2385.0,3025.0,410.0,70.3,10.6,96.3,90.6,5.7,18.5,2.42,37.98,11.62,-2.18,47.3,4.2,1.01,829.0,86.53,55.72,5.31,6.9,-1.0,0.02,-1.0,29.51,20.13,47.3,4.2,13190000000.0,-1.0,800.0,7052000000.0,-1.0,-1.0
"Congo, Democratic Republic",1284000.0,1259200.0,24800.0,6406.0,0.0,543.0,39.6,9.1,96.0,91.1,4.9,16.1,3.09,40.45,9.45,-0.13,24.1,4.1,0.98,1140.0,65.48,59.15,5.46,8.1,4.4,0.04,2.4,53.01,30.69,24.1,4.1,24970000000.0,-1.0,1500.0,10912000000.0,-1.0,42.3
Uganda,241038.0,197100.0,43938.0,2729.0,0.0,-1.0,71.2,14.5,92.3,88.5,3.8,15.7,3.27,40.94,5.02,-3.26,26.2,5.41,0.95,375.0,30.45,68.96,5.36,41.8,3.8,0.17,3.0,48.41,30.24,26.2,5.41,99610000000.0,-1.0,2200.0,34683000000.0,-1.0,21.4
Tonga,56785.0,54385.0,2400.0,1880.0,56.0,236.0,67.4,4.9,77.1,72.0,5.1,20.0,2.48,31.86,5.27,-1.81,43.9,3.6,0.97,396.0,41.19,71.36,4.23,23.9,5.7,0.08,5.0,32.71,3.06,43.9,3.6,17450000000.0,-1.0,2100.0,5232000000.0,-1.0,55.1
CT,622984.0,622984.0,0.0,5920.0,0.0,635.0,8.1,36.2,86.4,81.1,5.2,20.0,1.78,32.79,11.76,-3.22,43.1,3.32,0.99,829.0,82.97,55.52,4.04,17.8,7.8,0.07,1.8,49.5,22.44,43.1,3.32,-1.0,-1.0,900.0,1937000000.0,-1.0,62.0
BC,581730.0,566730.0,15000.0,4347.15,0.0,1013.0,45.8,19.8,61.1,53.8,7.3,25.7,1.4,20.28,9.05,2.81,72.2,2.47,0.92,144.0,25.18,65.64,2.39,67.4,6.1,0.53,6.9,21.24,5.73,72.2,2.47,37720000000.0,-1.0,16000.0,18335000000.0,-1.0,19.3
Gabon,11300.0,10120.0,1180.0,749.0,80.0,34.0,56.1,43.9,86.9,82.1,4.7,21.8,2.29,28.78,5.81,-0.04,63.9,3.75,0.98,597.0,37.19,67.6,3.79,16.8,3.8,0.1,2.9,32.2,1.96,63.9,3.75,5220000000.0,-1.0,2200.0,1746000000.0,-1.0,48.6
WI,266000.0,266000.0,0.0,2049.0,1110.0,256.0,18.8,2.7,44.1,39.2,4.9,21.8,2.54,28.0,7.7,4.9,86.8,2.61,0.99,-1.0,47.9,64.5,3.65,-1.0,-1.0,-1.0,-1.0,-1.0,-1.0,-1.0,-1.0,-1.0,-1.0,-1.0,-1.0,-1.0,-1.0
PU,36125.0,28120.0,8005.0,762.0,350.0,70.0,44.8,55.2,81.2,76.0,5.2,18.0,2.53,36.45,7.5,-3.63,45.0,3.22,0.96,667.0,49.05,63.68,4.69,20.6,8.4,0.13,2.9,27.12,1.46,45.0,3.22,3640000000.0,-1.0,1800.0,1339000000.0,-1.0,67.0
Nicaragua,923768.0,910768.0,13000.0,4477.0,853.0,380.0,78.0,9.5,86.0,80.9,5.1,18.6,2.53,34.19,8.7,-0.21,53.5,3.92,1.02,917.0,56.68,61.33,4.62,16.6,3.0,0.38,-1.0,48.73,143.99,53.5,3.92,1013530000000.0,-1.0,4900.0,475062000000.0,-1.0,40.1
Cape Verde,4033.0,4033.0,0.0,0.0,965.0,-1.0,18.6,21.0,49.0,41.8,7.1,26.8,1.21,18.49,5.8,-0.57,67.5,1.83,0.95,58.0,23.53,73.75,2.13,55.8,4.9,0.78,4.7,31.99,0.13,67.5,1.83,3360000000.0,-1.0,6000.0,1971000000.0,-1.0,35.0
UV,274200.0,273800.0,400.0,3611.0,0.0,297.0,44.2,19.3,87.9,83.4,4.5,17.9,2.53,33.57,7.71,-0.61,31.9,4.75,0.96,320.0,49.42,63.44,4.27,30.1,5.5,0.09,5.8,36.78,12.85,31.9,4.75,45160000000.0,-1.0,2200.0,14271000000.0,-1.0,41.4
Belarus,27830.0,25680.0,2150.0,1140.0,0.0,1504.0,73.3,6.6,91.0,86.4,4.5,17.7,3.63,35.17,5.96,7.09,14.4,5.43,0.99,548.0,37.84,67.42,5.03,28.5,8.0,0.1,5.1,35.61,1.42,14.4,5.43,8690000000.0,-1.0,700.0,3027000000.0,-1.0,64.6
WA,824292.0,823290.0,1002.0,4220.0,1572.0,1141.0,47.2,8.8,67.9,61.8,6.0,21.8,1.82,25.01,6.85,0.0,54.0,3.64,0.96,195.0,29.42,66.47,2.98,56.1,8.5,0.42,9.4,22.59,10.4,54.0,3.64,22600000000.0,-1.56,8900.0,12372000000.0,-1.0,17.4
Brunei Darussalam,112622.0,110622.0,2000.0,2123.0,121.0,273.0,31.3,40.0,82.6,76.6,6.0,17.0,3.34,41.15,8.01,0.24,49.5,3.74,0.97,397.0,55.76,62.21,5.43,15.5,2.4,0.08,3.0,33.11,5.8,49.5,3.74,40290000000.0,-1.0,3300.0,10315000000.0,-1.0,38.5
Eritrea,117600.0,101000.0,16600.0,1840.0,2234.0,853.0,75.1,15.1,83.9,75.6,8.3,20.3,1.03,27.04,6.69,-10.11,42.6,3.67,0.97,480.0,41.5,66.85,3.58,8.4,4.5,0.06,-1.0,42.4,4.48,42.6,3.67,-1.0,-1.0,-1.0,5813000000.0,-1.0,50.0
Egypt,1001450.0,995450.0,6000.0,2612.0,2450.0,321.0,3.6,0.1,64.6,55.8,8.8,24.1,1.68,21.46,4.32,-0.31,43.0,1.9,1.06,37.0,17.7,74.45,2.88,58.5,4.7,0.45,3.9,79.28,59.68,43.0,1.9,1223040000000.0,-1.0,12000.0,323763000000.0,7.86,32.5
TP,964.0,964.0,0.0,0.0,209.0,-1.0,50.7,28.1,81.0,75.6,5.4,19.3,1.48,28.19,6.2,-7.19,75.8,2.96,1.0,130.0,44.38,67.06,3.56,49.7,5.5,0.05,5.9,25.66,0.04,75.8,2.96,890000000.0,-1.0,4100.0,0.0,-1.0,66.7
Djibouti,23200.0,23180.0,20.0,528.0,314.0,430.0,73.4,0.2,50.6,43.6,7.1,24.9,1.97,22.25,7.12,4.59,78.4,1.56,0.83,248.0,46.89,65.3,2.15,19.0,1.8,0.22,3.6,40.38,0.52,78.4,1.56,5420000000.0,-1.0,5500.0,3323000000.0,-1.0,21.1
Mauritania,1030700.0,1030700.0,0.0,5002.0,754.0,276.0,38.5,0.2,75.0,69.5,5.6,21.0,1.99,28.06,7.43,-0.72,56.9,3.84,0.93,766.0,50.99,65.22,3.53,17.8,3.3,0.19,1.9,40.82,6.16,56.9,3.84,23170000000.0,-1.0,5000.0,706000000.0,-1.0,31.0
IV,322463.0,318003.0,4460.0,3458.0,515.0,250.0,64.8,32.7,79.8,74.6,5.2,20.3,2.19,28.3,7.6,1.18,52.7,3.38,0.97,617.0,55.67,62.26,3.53,23.3,3.3,0.23,3.7,23.72,10.3,52.7,3.38,136479999999.99998,-1.0,5200.0,42498000000.0,-1.0,39.5
EK,28051.0,28051.0,0.0,528.0,296.0,577.0,10.1,57.5,64.4,60.5,3.9,20.3,3.5,29.95,8.95,13.96,74.0,3.62,1.15,301.0,78.33,63.7,4.26,12.6,3.1,0.4,-1.0,45.9,11.21,74.0,3.62,23860000000.0,-1.0,17000.0,10634000000.0,-1.0,44.0
Singapore,196722.0,192530.0,4192.0,2684.0,531.0,69.0,46.8,43.8,84.2,78.4,5.7,19.4,2.57,31.51,5.08,-0.71,49.1,3.59,0.97,315.0,32.44,69.96,4.27,26.9,4.1,0.07,5.3,37.52,11.74,49.1,3.59,55260000000.0,-1.0,3300.0,23576000000.0,-1.0,46.7
SF,1219090.0,1214470.0,4620.0,5244.0,2798.0,1034.0,79.4,7.6,52.2,43.8,8.4,28.0,0.93,18.56,9.26,0.0,68.3,1.72,0.98,119.0,25.87,65.32,2.18,54.6,9.1,0.91,6.8,23.58,55.89,68.3,1.72,680040000000.0,0.06,11500.0,350032000000.0,28.53,55.5
Cameroon,475440.0,472710.0,2730.0,5018.0,402.0,667.0,20.6,41.7,81.1,76.2,4.9,18.5,2.75,35.53,7.73,-0.31,58.7,3.43,0.99,529.0,48.73,63.27,4.55,19.3,3.6,0.09,3.1,65.26,30.71,58.7,3.43,94940000000.0,-1.0,3600.0,34990000000.0,-1.0,37.5
Antigua And Barbuda,2381740.0,2381740.0,0.0,6734.0,998.0,800.0,17.4,0.8,60.1,49.3,10.8,28.9,1.34,18.52,4.32,-0.82,74.8,1.99,1.03,112.0,19.72,78.03,2.51,57.1,6.2,1.72,6.1,35.17,49.94,74.8,1.99,468400000000.0,-1.0,10700.0,169912000000.0,-1.0,5.5
China,2235.0,2235.0,0.0,0.0,340.0,-1.0,84.4,1.4,75.5,67.4,5.4,20.9,1.37,22.52,6.55,-2.25,29.9,2.97,0.94,273.0,57.1,67.2,2.78,19.4,5.2,0.27,2.5,18.6,0.19,29.9,2.97,2730000000.0,-1.0,3100.0,1186000000.0,-1.0,42.4
WZ,17364.0,17204.0,160.0,546.0,0.0,305.0,68.3,31.7,70.8,64.0,6.9,23.7,0.75,23.35,9.71,-6.16,24.6,2.42,0.9,437.0,39.63,59.69,2.44,66.1,6.8,0.33,5.3,16.26,1.9,24.6,2.42,9740000000.0,-1.0,8400.0,4484000000.0,-1.0,58.9
ZI,390757.0,386847.0,3910.0,3229.0,0.0,961.0,42.5,39.5,81.6,76.1,5.5,20.5,1.95,33.07,8.76,-4.83,32.4,2.41,0.97,458.0,28.53,63.32,3.89,66.8,7.7,0.21,3.6,19.35,12.1,32.4,2.41,40790000000.0,-1.0,2700.0,21441000000.0,-1.0,38.3
Mozambique,799380.0,786380.0,13000.0,4783.0,2470.0,345.0,56.3,43.7,88.4,83.0,5.4,17.0,2.56,37.47,10.25,-1.58,38.2,4.24,0.97,289.0,61.38,57.1,4.81,27.1,7.8,0.08,6.2,19.44,16.26,38.2,4.24,38420000000.0,-1.0,1200.0,14964000000.0,-1.0,46.1
Sweden,455.0,455.0,0.0,0.0,491.0,-1.0,6.5,88.5,46.7,34.9,11.8,36.8,0.64,12.37,6.88,0.86,58.4,0.99,1.08,-1.0,10.6,76.1,1.82,-1.0,5.2,2.12,3.9,18.72,0.1,58.4,0.99,2400000000.0,-1.0,24400.0,1748000000.0,-1.0,25.3
OD,644329.0,-1.0,-1.0,6018.0,0.0,-1.0,45.0,11.3,80.8,74.7,6.1,18.6,4.91,37.69,9.52,20.97,20.8,4.12,1.05,1150.0,63.18,59.16,5.32,-1.0,6.0,-1.0,1.5,41.12,7.61,20.8,4.12,-1.0,-1.0,-1.0,3060000000.0,-1.0,76.4
MI,118484.0,94080.0,24404.0,2857.0,0.0,779.0,59.2,34.0,83.9,79.1,4.9,16.8,2.34,27.94,4.58,0.0,18.0,4.41,0.96,349.0,33.43,72.44,3.4,59.2,7.4,0.04,2.9,22.14,11.12,18.0,4.41,28440000000.0,-1.0,1500.0,7766000000.0,-1.0,51.5
Lithuania,30355.0,30355.0,0.0,1106.0,0.0,2161.0,76.1,1.5,59.2,51.3,7.9,24.7,0.76,23.15,11.05,-4.55,29.9,2.77,0.98,544.0,48.44,59.57,2.92,64.9,11.3,0.07,7.4,27.78,2.56,29.9,2.77,4880000000.0,-1.0,2300.0,2462000000.0,-1.0,49.7
Saint Helena,394.0,122.0,0.0,0.0,-1.0,-1.0,30.8,5.1,-1.0,-1.0,-1.0,43.2,0.13,9.34,8.08,0.0,40.4,0.98,1.01,-1.0,19.19,80.48,1.6,-1.0,-1.0,-1.0,-1.0,-1.0,-1.0,40.4,0.98,-1.0,-1.0,-1.0,-1.0,-1.0,-1.0
Mali,1240192.0,1220190.0,20002.0,7908.0,0.0,343.0,34.1,10.2,98.0,93.1,4.9,16.0,2.95,41.07,8.53,-3.08,45.4,4.57,0.95,562.0,60.64,62.41,5.54,17.2,3.9,0.13,3.4,31.17,19.16,45.4,4.57,44890000000.0,-1.0,2200.0,17508000000.0,-1.0,42.1
Angola,1246700.0,1246700.0,0.0,5369.0,1600.0,1112.0,45.7,54.3,94.5,90.2,4.3,15.9,3.36,41.8,8.01,-0.19,68.1,4.04,0.95,241.0,58.86,62.11,5.83,13.7,2.5,0.22,1.8,27.95,23.28,68.1,4.04,203710000000.0,-1.0,6200.0,97261000000.0,-1.0,32.3
Central African Republic,342000.0,341500.0,500.0,5554.0,169.0,430.0,31.1,65.6,78.7,73.7,4.9,19.5,2.34,31.82,8.38,0.0,68.7,3.19,1.01,378.0,47.93,62.1,4.36,30.1,2.1,0.17,3.9,38.67,2.24,68.7,3.19,19030000000.0,-1.0,3400.0,8718000000.0,-1.0,40.9
Macao,716550.0,716300.0,250.0,3523.5,2945.0,909.0,67.5,11.5,52.4,40.8,11.6,29.1,0.91,17.42,6.6,-1.74,64.6,1.88,1.0,70.0,19.2,73.68,2.29,70.8,5.3,0.73,-1.0,30.99,17.16,64.6,1.88,259420000000.00003,2.5,6900.0,118858000000.0,9.23,4.8
Ghana,238533.0,227533.0,11000.0,2420.0,539.0,190.0,69.1,21.2,67.4,62.2,5.3,21.4,2.23,28.55,6.14,-0.16,58.6,3.06,0.95,308.0,32.59,69.37,3.66,27.2,3.4,0.14,4.0,31.95,22.75,58.6,3.06,164840000000.0,-1.0,5300.0,65363000000.0,-1.0,23.4
United Kingdom,267667.0,257667.0,10000.0,3261.0,885.0,377.0,19.0,81.0,68.9,62.9,6.0,21.0,2.4,26.03,5.67,3.67,90.7,2.27,1.08,252.0,28.56,69.7,3.31,31.1,2.8,0.68,2.8,38.51,1.13,90.7,2.27,32049999999.999996,-1.0,14400.0,16064000000.0,-1.0,33.4
Northern Mariana Islands,2040.0,2030.0,10.0,0.0,177.0,-1.0,43.8,17.3,41.5,23.7,17.7,36.3,0.1,9.86,8.86,0.0,40.8,0.28,0.95,61.0,12.08,74.86,1.35,63.8,6.2,2.6,4.6,13.54,2.06,40.8,0.28,24640000000.0,-1.0,19500.0,14004000000.0,6.65,10.3
Pakistan,796095.0,770875.0,25220.0,7257.0,1046.0,900.0,35.2,2.1,64.4,57.2,7.1,22.0,1.95,26.48,6.02,-0.96,37.7,2.1,1.04,140.0,53.98,69.67,3.46,34.0,3.4,0.98,2.5,55.21,142.12,37.7,2.1,1021130000000.0,-1.0,4600.0,253183000000.0,-1.0,24.3
British Indian Ocean Territory,60.0,60.0,54340.0,0.0,698.0,-1.0,0.0,0.0,-1.0,-1.0,-1.0,-1.0,-1.0,-1.0,-1.0,-1.0,-1.0,-1.0,-1.0,-1.0,-1.0,-1.0,-1.0,-1.0,-1.0,-1.0,-1.0,-1.0,-1.0,-1.0,-1.0,-1.0,-1.0,-1.0,-1.0,-1.0,-1.0
CE,65610.0,64630.0,980.0,0.0,1340.0,228.0,43.5,29.4,53.7,36.4,17.3,33.7,0.61,13.8,6.49,-1.22,19.0,1.22,0.95,36.0,8.2,78.0,1.98,64.6,4.1,1.0,2.1,15.25,10.95,19.0,1.22,274800000000.0,2.29,12500.0,84016000000.0,4.83,4.1
Nepal,147181.0,143351.0,3830.0,3159.0,0.0,2565.0,28.8,25.4,53.0,44.1,8.9,25.3,0.78,17.53,5.58,-4.21,21.5,3.09,0.96,186.0,25.13,72.4,1.9,46.7,4.5,0.75,4.4,94.33,41.15,21.5,3.09,110720000000.0,-1.0,3800.0,24880000000.0,-1.0,25.2
Maldives,298.0,298.0,0.0,0.0,644.0,2.0,23.3,3.0,30.2,25.5,4.7,29.5,-0.14,15.54,4.15,-12.78,41.5,2.34,1.08,53.0,25.7,76.94,1.71,18.8,8.0,4.56,4.1,7.63,0.14,41.5,2.34,7050000000.0,-1.0,13000.0,4505000000.0,-1.0,8.2
Bhutan,38394.0,38394.0,0.0,1136.0,0.0,2220.0,13.6,85.5,45.1,36.1,9.0,29.1,0.97,15.94,6.22,0.0,43.7,2.52,1.08,183.0,27.04,72.31,1.79,-1.0,3.6,0.42,6.9,35.32,1.11,43.7,2.52,8420000000.0,-1.0,10900.0,2405000000.0,-1.0,8.2
Afghanistan,652230.0,652230.0,0.0,5987.0,0.0,1884.0,58.1,1.85,88.8,75.3,4.8,19.5,2.3,35.46,12.33,-0.1,26.6,3.34,1.03,638.0,104.89,53.65,4.62,18.9,13.2,0.28,3.2,53.17,90.98,26.6,3.34,77040000000.0,-1.0,2000.0,20240000000.0,-1.0,54.5
Bulgaria,148460.0,130170.0,18290.0,4413.0,580.0,85.0,70.1,11.1,47.0,39.3,7.7,27.9,0.93,17.69,5.47,-2.9,39.7,2.88,0.96,173.0,30.35,74.7,2.09,62.7,2.5,0.58,1.3,58.33,59.3,39.7,2.88,793490000000.0,-1.0,4800.0,329545000000.0,-1.0,24.3
India,3287263.0,2973193.0,314070.0,13888.0,7000.0,160.0,60.5,23.1,48.7,38.9,9.8,28.7,0.67,16.82,10.3,0.16,35.9,2.33,1.06,145.0,30.31,67.22,2.1,53.5,3.0,0.86,3.5,65.2,559.11,35.9,2.33,8443360000000.0,4.86,6100.0,2835927000000.0,-1.0,21.9
Uruguay,176215.0,175015.0,1200.0,1591.0,660.0,109.0,87.2,10.2,54.9,31.5,23.4,35.5,0.27,12.71,9.18,-0.88,95.7,0.4,0.94,17.0,8.31,78.43,1.76,79.6,9.4,5.08,4.7,8.63,25.59,95.7,0.4,75060000000.0,-1.0,21600.0,56108000000.0,-1.0,8.8
Peru,1285216.0,1279996.0,5220.0,7062.0,2414.0,1555.0,18.8,53.0,50.2,37.1,13.1,29.1,0.51,17.21,11.32,-0.75,78.7,1.33,0.96,88.0,10.8,68.94,2.2,76.3,5.2,1.3,4.2,24.27,30.17,78.7,1.33,371290000000.0,2.18,11300.0,230707000000.0,6.58,20.2
Venezuela,912050.0,882050.0,30000.0,5267.0,2800.0,450.0,24.5,52.1,54.4,42.1,12.3,30.0,2.43,17.27,6.81,13.88,88.4,1.16,0.99,125.0,17.72,73.29,2.22,75.0,5.4,-1.0,1.3,15.82,68.66,88.4,1.16,-1.0,-1.0,-1.0,210100000000.0,-1.0,33.1
"Cote D""Ivoire",756102.0,743812.0,12290.0,7801.0,6435.0,1871.0,21.1,21.9,45.9,28.1,17.9,35.5,0.66,12.75,6.52,0.33,87.9,0.78,0.97,13.0,6.55,79.79,1.76,76.3,9.3,2.59,5.4,21.03,15.97,87.9,0.78,445880000000.0,1.03,23300.0,282655000000.0,7.22,8.6
Argentina,2780400.0,2736690.0,43710.0,11968.0,4989.0,595.0,53.9,10.7,56.5,38.1,17.7,32.4,0.82,15.58,7.32,-0.08,92.3,0.97,0.98,39.0,9.35,78.31,2.18,81.3,9.5,3.99,4.8,11.83,120.66,92.3,0.97,893310000000.0,-2.03,19700.0,447467000000.0,9.84,35.5
Saint Barthelemy,1098581.0,1083301.0,15280.0,7252.0,0.0,1192.0,34.3,52.5,60.5,48.5,12.0,25.3,1.12,18.61,6.48,-0.98,70.8,1.87,1.01,155.0,22.28,72.5,2.33,66.5,6.9,1.59,7.3,20.24,21.01,70.8,1.87,92590000000.0,2.22,7900.0,40822000000.0,-1.0,37.2
Panama,406752.0,397302.0,9450.0,4655.0,0.0,178.0,53.8,43.8,55.5,49.9,10.6,29.7,1.14,16.32,4.87,-0.07,62.8,1.64,1.01,84.0,23.21,78.37,1.89,68.4,7.2,1.35,3.5,11.16,27.65,62.8,1.64,87980000000.0,-1.0,12300.0,38940000000.0,-1.0,23.5
Guyana,214969.0,196849.0,18120.0,2933.0,459.0,207.0,8.4,77.4,53.2,42.5,10.7,27.5,0.24,16.72,6.91,-7.42,27.0,1.01,1.04,667.0,22.15,71.87,2.06,33.9,4.9,0.8,4.5,20.46,1.81,27.0,1.01,14690000000.0,-1.0,18700.0,3561000000.0,-1.0,35.0
NS,163820.0,156000.0,7820.0,1907.0,386.0,246.0,0.5,94.6,51.1,40.3,10.8,31.0,1.13,15.38,6.59,2.54,66.3,0.88,0.98,120.0,30.25,72.42,1.92,39.1,9.7,1.21,7.2,23.6,2.28,66.3,0.88,9460000000.0,-1.0,16100.0,3419000000.0,-1.0,70.0
Ecuador,283561.0,276841.0,6720.0,2237.0,2237.0,1117.0,29.7,38.9,53.8,42.1,11.7,28.8,1.13,16.45,5.17,0.0,64.6,1.62,0.98,59.0,18.13,78.0,2.04,80.1,7.8,2.04,4.1,14.91,23.51,64.6,1.62,182240000000.0,0.06,10300.0,107436000000.0,5.71,25.0
Colombia,1138910.0,1038700.0,100210.0,6672.0,3208.0,593.0,37.5,54.4,45.4,32.3,13.2,31.2,0.59,15.21,7.73,-1.58,82.0,1.01,0.96,83.0,11.65,74.89,1.95,81.0,7.7,2.19,4.5,15.24,81.52,82.0,1.01,683940000000.0,3.26,13400.0,323255000000.0,10.5,35.7
SX,3903.0,3903.0,0.0,0.0,-1.0,-1.0,-1.0,-1.0,-1.0,-1.0,-1.0,-1.0,-1.0,-1.0,-1.0,5.9,-1.0,-1.0,-1.0,-1.0,-1.0,-1.0,-1.0,-1.0,-1.0,-1.0,-1.0,-1.0,-1.0,-1.0,-1.0,-1.0,-1.0,-1.0,-1.0,-1.0,-1.0
Falkland Islands (Malvinas),12173.0,12173.0,0.0,0.0,1288.0,-1.0,92.4,0.0,-1.0,-1.0,-1.0,-1.0,0.01,10.9,4.9,-1.0,79.3,0.53,1.12,-1.0,-1.0,77.9,-1.0,-1.0,-1.0,-1.0,-1.0,-1.0,-1.0,79.3,0.53,-1.0,-1.0,-1.0,206400000.0,-1.0,-1.0
Brazil,8515770.0,8358140.0,157630.0,16145.0,7491.0,320.0,32.9,61.9,43.5,29.7,13.8,33.2,0.7,13.96,6.81,-0.19,87.6,0.87,0.97,60.0,13.31,75.92,1.8,80.2,9.6,2.16,6.1,11.49,401.83,87.6,0.87,2989430000000.0,1.13,14100.0,1877942000000.0,11.93,4.2
Canada,9984670.0,9093507.0,891163.0,8891.0,202080.0,487.0,6.8,34.1,51.2,23.9,27.4,41.8,0.75,10.17,8.12,5.46,81.8,0.95,0.98,10.0,4.38,83.8,1.57,-1.0,10.8,2.31,5.3,6.48,101.82,81.8,0.95,1742790000000.0,1.66,45900.0,1741865000000.0,5.67,9.4
Solomon Islands,242.0,242.0,0.0,0.0,120.0,-1.0,8.7,12.5,-1.0,-1.0,-1.0,48.5,-1.2,6.47,11.22,-7.23,90.0,0.75,0.94,-1.0,8.16,81.41,1.59,-1.0,-1.0,-1.0,-1.0,-1.0,-1.0,90.0,0.75,-1.0,-1.0,-1.0,261300000.0,-1.0,-1.0
Bangladesh,54.0,54.0,0.0,0.0,103.0,-1.0,14.8,20.0,-1.0,-1.0,-1.0,43.6,0.34,11.03,9.11,1.49,100.0,-0.2,0.95,-1.0,2.19,82.04,1.9,-1.0,-1.0,-1.0,1.3,-1.0,-1.0,100.0,-0.2,-1.0,-1.0,-1.0,6127000000.0,-1.0,11.0
IP,6.0,6.0,0.0,0.0,11.1,-1.0,0.0,0.0,-1.0,-1.0,-1.0,-1.0,-1.0,-1.0,-1.0,-1.0,-1.0,-1.0,-1.0,-1.0,-1.0,-1.0,-1.0,-1.0,-1.0,-1.0,-1.0,-1.0,-1.0,-1.0,-1.0,-1.0,-1.0,-1.0,-1.0,-1.0,-1.0
Mexico,1964375.0,1943945.0,20430.0,4389.0,9330.0,1111.0,54.9,33.3,50.3,38.8,11.4,29.3,0.51,13.55,7.71,-0.76,81.3,1.4,0.96,33.0,11.86,72.32,1.68,73.1,5.4,2.38,4.3,20.08,135.77,81.3,1.4,2306320000000.0,-0.3,17900.0,1269956000000.0,3.49,41.9
United States,9833517.0,9147593.0,685924.0,12002.0,19924.0,760.0,44.5,33.3,53.9,28.3,25.6,38.5,0.69,12.28,8.38,3.02,83.1,0.96,0.97,19.0,5.17,80.59,1.84,73.9,16.8,2.61,5.0,7.4,685.74,83.1,0.96,19846720000000.0,2.16,60200.0,21433228000000.0,-1.0,15.1
Greenland,2166086.0,2166086.0,-1.0,0.0,44087.0,1792.0,0.6,0.0,-1.0,-1.0,-1.0,34.3,-0.02,13.79,8.96,-5.0,87.7,0.41,1.08,-1.0,8.75,73.98,1.91,-1.0,-1.0,1.87,10.6,-1.0,-1.0,87.7,0.41,-1.0,-1.0,-1.0,2221000000.0,-1.0,16.2
Indonesia,1904569.0,1811569.0,93000.0,2958.0,54716.0,367.0,31.2,51.7,47.5,38.3,9.2,31.1,0.79,15.32,6.75,-0.71,57.9,1.99,1.0,177.0,19.73,73.08,2.01,55.5,2.9,0.43,2.8,15.58,244.5,57.9,1.99,3130470000000.0,5.03,11400.0,1119720000000.0,-1.0,9.4
Monaco,28.0,28.2,0.0,3.0,41.0,-1.0,0.0,-1.0,35.7,19.5,16.2,40.8,0.75,9.11,4.72,3.15,100.0,1.46,0.9,-1.0,4.59,84.98,1.22,-1.0,-1.0,2.41,3.1,-1.0,-1.0,100.0,1.46,35580000000.0,-1.0,54800.0,53841000000.0,-1.0,-1.0
BX,5765.0,5265.0,500.0,266.0,161.0,478.0,2.5,71.8,38.7,31.0,7.7,31.1,1.45,16.14,3.79,2.18,78.9,1.44,0.95,31.0,10.52,78.38,1.74,-1.0,2.2,1.61,4.4,5.78,8.4,78.9,1.44,27230000000.0,-1.0,62200.0,12130000000.0,-1.0,-1.0
Madagascar,1564116.0,1553556.0,10560.0,8082.0,0.0,1528.0,73.0,7.0,54.8,48.1,6.7,29.8,0.88,15.84,6.3,-0.77,68.9,1.4,0.95,45.0,20.18,71.37,1.91,48.1,3.8,2.86,4.9,40.42,13.72,68.9,1.4,37600000000.0,-1.0,11500.0,11140000000.0,-1.0,28.4
Taiwan,35980.0,32260.0,3720.0,0.0,1566.3,1150.0,22.7,-1.0,40.0,17.8,22.2,42.3,0.04,7.39,7.89,0.85,79.7,0.65,0.97,-1.0,3.97,81.16,1.08,-1.0,-1.0,-1.0,-1.0,-1.0,-1.0,79.7,0.65,-1.0,2.71,-1.0,611391000000.0,3.73,1.5
Bermuda,676578.0,653508.0,23070.0,6522.0,1930.0,702.0,19.2,48.2,46.5,37.3,9.1,29.2,0.78,16.34,7.13,-1.37,31.8,1.85,0.97,250.0,32.94,69.92,2.02,52.2,4.7,0.68,2.0,34.69,42.2,31.8,1.85,247240000000.0,-1.0,4500.0,76606000000.0,-1.0,24.8
JA,377915.0,364485.0,13430.0,0.0,29751.0,438.0,12.5,68.5,69.0,21.0,48.0,48.6,-0.39,6.95,11.59,0.74,92.0,-0.25,0.95,5.0,1.9,84.83,1.38,39.8,10.7,2.41,3.2,11.45,29.99,92.0,-0.25,-1.0,0.7,-1.0,5078679000000.0,2.36,16.1
VM,331210.0,310070.0,21140.0,4616.0,3444.0,398.0,34.8,45.0,45.1,33.6,11.4,31.9,0.97,15.69,5.77,-0.22,38.8,2.7,1.01,43.0,14.75,75.52,2.05,76.5,5.3,0.83,4.1,29.66,110.4,38.8,2.7,798210000000.0,-1.0,8200.0,259957000000.0,-1.0,6.7
PP,462840.0,452860.0,9980.0,824.0,5152.0,667.0,2.6,63.1,63.2,57.4,5.8,24.0,2.35,29.03,5.54,0.0,13.6,2.91,1.03,145.0,33.59,69.43,3.92,36.7,2.3,0.07,1.9,10.91,11.05,13.6,2.91,36690000000.0,-1.0,4100.0,19820000000.0,-1.0,37.0
Papua New Guinea,5.0,5.0,0.0,0.0,926.0,-1.0,-1.0,-1.0,-1.0,-1.0,-1.0,-1.0,-1.0,-1.0,-1.0,-1.0,-1.0,-1.0,-1.0,-1.0,-1.0,-1.0,-1.0,-1.0,-1.0,-1.0,-1.0,-1.0,-1.0,-1.0,-1.0,-1.0,-1.0,-1.0,-1.0,-1.0,-1.0
Thailand,513120.0,510890.0,2230.0,5673.0,3219.0,287.0,41.2,37.2,41.9,23.5,18.4,39.0,0.23,10.14,7.76,-0.13,52.9,1.43,0.95,37.0,6.47,77.66,1.54,73.0,3.8,0.81,3.0,26.23,86.98,52.9,1.43,1206620000000.0,2.62,17300.0,543798000000.0,0.99,9.9
Hong Kong,1108.0,1073.0,35.0,33.0,733.0,-1.0,5.0,0.0,44.7,18.3,26.3,45.6,0.17,8.04,7.98,1.65,100.0,0.58,0.86,-1.0,2.55,83.61,1.22,66.7,-1.0,2.0,4.4,-1.0,-1.0,100.0,0.58,420130000000.0,-1.25,56200.0,365753000000.0,2.93,19.9
Senegal,719.0,709.2,10.0,0.0,193.0,-1.0,1.0,3.3,34.5,16.5,18.0,35.6,0.92,9.05,4.04,4.22,100.0,0.74,1.0,8.0,1.55,86.35,1.16,-1.0,4.1,2.29,2.5,18.26,4.4,100.0,0.74,531039999999.99994,0.73,93400.0,372088000000.0,2.25,-1.0
"Lao People""s Democratic Republic",236800.0,230800.0,6000.0,5274.0,0.0,710.0,10.6,67.9,56.8,50.1,6.7,24.0,1.34,20.9,6.37,-1.17,37.6,2.99,0.99,185.0,37.78,68.15,2.35,54.1,2.6,0.37,2.9,24.49,9.0,37.6,2.99,56790000000.0,-1.0,7800.0,16969999999.999998,-1.0,18.3
CB,181035.0,176515.0,4520.0,2530.0,443.0,126.0,32.1,56.5,55.7,48.2,7.6,26.4,1.08,19.29,5.76,-2.7,25.1,3.06,0.94,160.0,29.58,70.65,2.24,56.3,7.0,0.19,2.2,23.98,14.88,25.1,3.06,70080000000.0,-1.0,4200.0,22090000000.0,-1.0,16.5
Malaysia,329847.0,328657.0,1190.0,2742.0,4675.0,419.0,23.2,62.0,44.2,33.8,10.4,29.2,1.03,14.55,5.69,1.48,78.2,1.87,1.05,29.0,6.59,76.13,1.75,52.2,3.8,1.54,4.2,16.04,51.51,78.2,1.87,855600000000.0,4.31,26400.0,364631000000.0,3.3,5.6
Switzerland,9596960.0,9326410.0,270550.0,22457.0,14500.0,1840.0,54.7,22.3,42.2,25.2,17.0,38.4,0.19,9.93,7.9,-0.11,63.6,1.78,1.04,29.0,6.76,77.72,1.45,84.5,5.4,1.98,3.5,49.16,1490.24,63.6,1.78,23009780000000.0,6.14,16400.0,14327359000000.0,3.64,0.6
Trinidad And Tobago,14874.0,14874.0,0.0,253.0,706.0,-1.0,25.1,49.1,90.3,83.7,6.6,19.6,2.15,30.94,5.61,-3.82,32.1,3.31,1.0,142.0,33.69,69.92,4.21,26.1,7.2,0.72,6.8,17.88,4.74,32.1,3.31,4190000000.0000005,-1.0,3200.0,2775000000.0,-1.0,41.8
Saint Kitts And Nevis,120538.0,120408.0,130.0,1607.0,2495.0,600.0,21.8,46.0,41.2,28.0,13.2,34.6,0.46,14.21,9.53,-0.04,62.9,0.85,0.95,89.0,22.21,71.77,1.9,70.2,-1.0,3.68,-1.0,30.4,18.68,62.9,0.85,-1.0,-1.0,-1.0,28000000000.0,-1.0,-1.0
RP,300000.0,298170.0,1830.0,0.0,36289.0,442.0,41.0,25.9,55.2,46.6,8.6,24.1,1.6,22.28,6.41,0.13,48.0,2.04,1.0,121.0,22.23,70.14,2.78,54.1,4.1,0.6,3.2,18.38,51.32,48.0,2.04,871560000000.0,6.04,8000.0,377205000000.0,5.11,16.7
KS,99720.0,96920.0,2800.0,237.0,2413.0,282.0,18.1,63.9,39.5,17.5,22.0,43.2,0.24,6.92,7.12,2.63,81.4,0.31,1.01,11.0,2.87,82.97,1.1,82.3,8.2,2.36,4.5,24.57,30.28,81.4,0.31,2187800000000.0,2.04,42300.0,1646604000000.0,3.76,14.4
French Polynesia,8.0,7.75,0.0,0.0,518.0,-1.0,-1.0,-1.0,-1.0,-1.0,-1.0,-1.0,0.75,-1.0,-1.0,-0.66,-1.0,-1.0,-1.0,-1.0,-1.0,-1.0,-1.0,-1.0,-1.0,-1.0,-1.0,-1.0,-1.0,-1.0,-1.0,-1.0,-1.0,-1.0,-1.0,-1.0,-1.0
